iter	MAE	RMSE
0	22.75182998	25.75733422
1	22.42823401	25.38811921
2	22.10914589	25.02665503
3	21.79522472	24.67173941
4	21.49105926	24.32850431
5	21.19875407	23.99566292
6	20.91227945	23.67152994
7	20.62875746	23.35296369
8	20.35107862	23.04030191
9	20.08069908	22.73567784
10	19.81877608	22.44179388
11	19.56001783	22.15211387
12	19.3078542	21.87045724
13	19.06171743	21.59416252
14	18.82450283	21.32961099
15	18.58924256	21.06964254
16	18.35798849	20.81276465
17	18.13618672	20.56815242
18	17.91864393	20.32919136
19	17.70667181	20.09563552
20	17.49770417	19.86564603
21	17.29396607	19.64176104
22	17.09507722	19.42509813
23	16.90088255	19.21487709
24	16.71409704	19.01222556
25	16.52820057	18.81044075
26	16.34820712	18.61675445
27	16.17129487	18.42708792
28	16.00106885	18.24519532
29	15.8328946	18.06650479
30	15.66656661	17.88919284
31	15.50817142	17.72135518
32	15.35325408	17.55759673
33	15.19979469	17.39671703
34	15.0529795	17.24235933
35	14.91018322	17.09313788
36	14.77000317	16.94819898
37	14.63082984	16.8046721
38	14.49186231	16.66115582
39	14.3641043	16.53055649
40	14.23740972	16.40275279
41	14.10954746	16.27262699
42	13.98399363	16.14567849
43	13.86550738	16.02748017
44	13.74742402	15.91083281
45	13.63207489	15.79775844
46	13.52038198	15.68790768
47	13.41352921	15.58445021
48	13.30859681	15.48317406
49	13.20705076	15.3858034
50	13.10711269	15.2902109
51	13.00737057	15.1943628
52	12.91002563	15.10210252
53	12.81652387	15.01408858
54	12.72424616	14.92767405
55	12.63782203	14.84799579
56	12.55150465	14.76792946
57	12.46800604	14.68916919
58	12.38515896	14.61391218
59	12.30068916	14.53630508
60	12.21977292	14.46299813
61	12.14213827	14.39353527
62	12.06549194	14.32551175
63	11.99100626	14.25922638
64	11.91820376	14.19573598
65	11.84690765	14.1328418
66	11.77587588	14.07031022
67	11.70977186	14.0139198
68	11.64272484	13.95621728
69	11.58072479	13.90498107
70	11.51848779	13.85301998
71	11.45663235	13.80137885
72	11.39805102	13.7540528
73	11.33881713	13.7049009
74	11.28241782	13.65753917
75	11.22565057	13.60935612
76	11.16856669	13.56309532
77	11.11489544	13.51906923
78	11.06095204	13.47494613
79	11.00868669	13.43359279
80	10.9602549	13.39644409
81	10.91141845	13.35796408
82	10.86242768	13.31758858
83	10.81776642	13.28397232
84	10.77237537	13.24832624
85	10.72937215	13.21642408
86	10.68819004	13.18534623
87	10.64519146	13.15241238
88	10.60228693	13.11944354
89	10.56105469	13.08782738
90	10.5238929	13.06064303
91	10.48493759	13.03215417
92	10.44717264	13.00478661
93	10.40952047	12.97637246
94	10.3700449	12.94645015
95	10.33716234	12.92402593
96	10.30105775	12.89888905
97	10.26912567	12.87769287
98	10.23512684	12.85326033
99	10.20191134	12.82944311
100	10.16960854	12.80758524
101	10.13534047	12.78231159
102	10.10296246	12.75797825
103	10.07281451	12.73603021
104	10.04027142	12.71179
105	10.01097098	12.69282341
106	9.983207305	12.67323208
107	9.955331943	12.65291275
108	9.930048576	12.63687735
109	9.904241186	12.61870983
110	9.876812401	12.59899676
111	9.849154634	12.57865733
112	9.82383131	12.56093855
113	9.800886976	12.5463819
114	9.777675033	12.53121824
115	9.756349366	12.51804747
116	9.734379296	12.50205871
117	9.709822958	12.48463198
118	9.690077443	12.47256643
119	9.666111874	12.45537259
120	9.645497467	12.44097732
121	9.624547124	12.42692773
122	9.603767802	12.41045668
123	9.580570653	12.39247232
124	9.558546949	12.37601571
125	9.540429296	12.36526534
126	9.519617791	12.34989659
127	9.500429666	12.33533142
128	9.481425261	12.32139012
129	9.460158515	12.30558281
130	9.442943091	12.29507662
131	9.427087333	12.28456143
132	9.410425391	12.27401791
133	9.392356603	12.26103063
134	9.375564786	12.24887586
135	9.359848095	12.23694914
136	9.341398174	12.2233041
137	9.325144527	12.21049099
138	9.306513741	12.19422029
139	9.2905046	12.18199535
140	9.276671725	12.1731077
141	9.261723713	12.16270468
142	9.24673771	12.15204584
143	9.233875301	12.14366433
144	9.220959377	12.13486748
145	9.209672167	12.12884103
146	9.197680772	12.12038314
147	9.186399561	12.11410147
148	9.172529513	12.10392921
149	9.158138689	12.09319041
150	9.145691327	12.08478409
151	9.133687862	12.07625305
152	9.120769942	12.06686412
153	9.109658232	12.05881403
154	9.099402797	12.05265165
155	9.086334757	12.04329224
156	9.073299294	12.03205681
157	9.063578819	12.026982
158	9.051868192	12.01755392
159	9.04198784	12.01080754
160	9.03215841	12.00476933
161	9.022757784	11.99768872
162	9.010434401	11.98796115
163	8.997700686	11.97771421
164	8.988050457	11.97131863
165	8.977957695	11.9644547
166	8.968706271	11.95719463
167	8.960108665	11.949862
168	8.951337926	11.94362491
169	8.942492126	11.93764125
170	8.931679705	11.92906825
171	8.921931229	11.9221932
172	8.911972479	11.91357807
173	8.904502412	11.90847188
174	8.893761269	11.8999274
175	8.88305481	11.8906346
176	8.873094815	11.88252131
177	8.865247168	11.87587489
178	8.85631923	11.86815125
179	8.84709807	11.86064547
180	8.839279133	11.85479581
181	8.830875258	11.8479558
182	8.823528957	11.84234443
183	8.814451668	11.83555887
184	8.80708712	11.82844463
185	8.798895281	11.82199305
186	8.791335567	11.81697994
187	8.783415612	11.81037895
188	8.77575727	11.80371047
189	8.768613332	11.79860633
190	8.763341343	11.79511155
191	8.757040819	11.78998096
192	8.751114634	11.78548683
193	8.743494249	11.77818353
194	8.735917212	11.77117798
195	8.729249906	11.76598957
196	8.722137187	11.75882298
197	8.715547499	11.75253396
198	8.709251847	11.7473729
199	8.70099653	11.74052497
200	8.69625463	11.73747056
201	8.690470506	11.73295668
202	8.682911565	11.72614417
203	8.676914668	11.72057726
204	8.66921925	11.71272257
205	8.662806042	11.70698405
206	8.6564447	11.70121968
207	8.650467583	11.69595207
208	8.643978471	11.689738
209	8.637709349	11.68446038
210	8.631343628	11.67918303
211	8.626986689	11.6758249
212	8.621681335	11.67135912
213	8.616120863	11.66567628
214	8.61092095	11.66077947
215	8.606636267	11.65641838
216	8.602460505	11.65302084
217	8.598535275	11.65003606
218	8.592620628	11.6448214
219	8.587106267	11.63991795
220	8.581955418	11.6354859
221	8.576931212	11.63096796
222	8.570526103	11.62460394
223	8.563810853	11.61780711
224	8.55883982	11.61264363
225	8.555130858	11.60915589
226	8.551174603	11.60528875
227	8.546255029	11.59991078
228	8.541366081	11.59513846
229	8.537864419	11.59274308
230	8.532767987	11.58808621
231	8.528790375	11.58444689
232	8.525065642	11.58109787
233	8.521942585	11.57841065
234	8.51817281	11.57500246
235	8.51138379	11.56852562
236	8.507951587	11.56440389
237	8.503318432	11.55988091
238	8.4983966	11.55503829
239	8.495780423	11.55328895
240	8.491953	11.55019429
241	8.487635766	11.54571454
242	8.483621492	11.54128961
243	8.47857411	11.53605723
244	8.47508745	11.53288474
245	8.471279653	11.52928668
246	8.467136861	11.52493395
247	8.46273391	11.52111151
248	8.458546334	11.51675151
249	8.455657205	11.51405731
250	8.452036501	11.5107873
251	8.448559559	11.50713798
252	8.445076277	11.50308125
253	8.441728665	11.49916034
254	8.437498653	11.4942252
255	8.433999776	11.4908225
256	8.42953602	11.48603686
257	8.426179701	11.48265895
258	8.42398256	11.48039732
259	8.421865974	11.47758171
260	8.418157908	11.47346861
261	8.414310704	11.46881103
262	8.410090153	11.46439352
263	8.407007715	11.4609236
264	8.402637486	11.45640517
265	8.399532856	11.45271545
266	8.396352236	11.44952494
267	8.39398408	11.44732592
268	8.390564877	11.44323121
269	8.387661779	11.44053958
270	8.383738667	11.43609695
271	8.37841752	11.43072479
272	8.37351826	11.42471779
273	8.370419571	11.42199839
274	8.365963842	11.41748789
275	8.362867563	11.41363402
276	8.358936456	11.40941321
277	8.356424241	11.40619357
278	8.352582942	11.40204617
279	8.350405492	11.39976519
280	8.347903002	11.39735169
281	8.34492368	11.39382207
282	8.341183453	11.38939789
283	8.338494507	11.38706356
284	8.336202588	11.38477986
285	8.333261042	11.38120916
286	8.330628614	11.37773429
287	8.327545197	11.37386666
288	8.325082412	11.37039524
289	8.321559021	11.36608164
290	8.318781437	11.36310907
291	8.3166788	11.36143255
292	8.313497861	11.35805363
293	8.310884843	11.35499078
294	8.308877224	11.35214955
295	8.305330635	11.34814925
296	8.302040444	11.34465909
297	8.298770715	11.34066588
298	8.296426705	11.33765881
299	8.294584446	11.33546993
300	8.291894709	11.33240505
301	8.2905778	11.33065698
302	8.288698525	11.32854389
303	8.285618674	11.32515129
304	8.28280068	11.32195128
305	8.27873098	11.31816215
306	8.274826154	11.31294538
307	8.272036244	11.30973675
308	8.269436277	11.30634446
309	8.26766635	11.30443246
310	8.265968187	11.30282625
311	8.263322316	11.30021329
312	8.260266263	11.29593018
313	8.257294679	11.29279197
314	8.255402565	11.29041193
315	8.252668098	11.28731454
316	8.250563613	11.28443484
317	8.246296769	11.27999795
318	8.243477831	11.27667618
319	8.241838208	11.27476772
320	8.239992034	11.2723967
321	8.236855554	11.26903473
322	8.23453187	11.26651215
323	8.231971073	11.26373768
324	8.228520873	11.25955051
325	8.226030229	11.25701494
326	8.222844419	11.25329083
327	8.221186511	11.25131739
328	8.216819901	11.24683388
329	8.214321322	11.24353189
330	8.210809013	11.2393801
331	8.206121429	11.23287309
332	8.202345977	11.22830533
333	8.198927035	11.22456414
334	8.196193895	11.22074159
335	8.19265503	11.21638481
336	8.190096913	11.2132109
337	8.186175199	11.20814301
338	8.181715141	11.20244907
339	8.179392439	11.19940922
340	8.177645429	11.19734385
341	8.176362481	11.19581401
342	8.174057339	11.1931346
343	8.172195462	11.19026167
344	8.169899904	11.18715474
345	8.167602032	11.18430394
346	8.162611634	11.17778156
347	8.161078012	11.17571579
348	8.158522277	11.17225904
349	8.155538857	11.1687057
350	8.152034831	11.16438821
351	8.149504644	11.16199973
352	8.147738069	11.1603176
353	8.1451742	11.15731176
354	8.143300106	11.1547572
355	8.141928286	11.15291266
356	8.139689991	11.14998354
357	8.137194015	11.14702056
358	8.133450725	11.14301083
359	8.131849451	11.14062827
360	8.129815872	11.1373382
361	8.128284266	11.13530896
362	8.126218525	11.13258253
363	8.12396966	11.1292826
364	8.120065009	11.12424845
365	8.117140805	11.12067088
366	8.113267065	11.11588203
367	8.110940953	11.11284428
368	8.107129324	11.10830749
369	8.104812362	11.1052935
370	8.101643984	11.10101259
371	8.099028018	11.0972363
372	8.095829894	11.09386634
373	8.093469072	11.09071732
374	8.091188627	11.08757809
375	8.089829609	11.08566834
376	8.087660395	11.08262198
377	8.086186068	11.08081972
378	8.083631014	11.07750289
379	8.079899829	11.07237341
380	8.077143193	11.06887455
381	8.074537838	11.06617612
382	8.071910328	11.06253066
383	8.069675017	11.0593727
384	8.06651564	11.05521233
385	8.063354035	11.05172812
386	8.061250133	11.04917425
387	8.058291219	11.04561694
388	8.055569797	11.04180304
389	8.053946243	11.03938233
390	8.051805614	11.03623284
391	8.049253415	11.03324493
392	8.04747933	11.03047117
393	8.045332521	11.02787586
394	8.042203553	11.02380595
395	8.039887846	11.02088709
396	8.038489416	11.01883102
397	8.035787775	11.01588337
398	8.034146918	11.01434582
399	8.030794653	11.00937738
400	8.029084485	11.00694522
401	8.026740369	11.00402174
402	8.023591599	10.9994244
403	8.022007139	10.99735215
404	8.019453084	10.99343789
405	8.01673895	10.99049563
406	8.014396066	10.98769854
407	8.012669541	10.98579468
408	8.009667553	10.98232749
409	8.006733509	10.97859304
410	8.004083692	10.97560192
411	8.002542307	10.97340442
412	8.000241596	10.9704783
413	7.998060143	10.96807137
414	7.996438998	10.96604273
415	7.994705014	10.96382565
416	7.992913295	10.96163055
417	7.989308725	10.95750901
418	7.98655585	10.95346157
419	7.984996528	10.95129106
420	7.982530989	10.94856588
421	7.979822825	10.94497723
422	7.97642031	10.94079967
423	7.974531545	10.93816048
424	7.97308786	10.93641977
425	7.970669192	10.93263505
426	7.967869849	10.92866015
427	7.965473514	10.9255174
428	7.963667066	10.92245911
429	7.961327135	10.91895644
430	7.958639524	10.91517474
431	7.955964766	10.91206481
432	7.953828315	10.90916972
433	7.951844453	10.90669092
434	7.949332308	10.9038702
435	7.947273781	10.90073404
436	7.945208951	10.89764015
437	7.942615493	10.89410799
438	7.940489979	10.89157325
439	7.93819253	10.88865919
440	7.936514509	10.88656973
441	7.933509309	10.88285018
442	7.931824482	10.88026839
443	7.928271171	10.87542252
444	7.92532505	10.87102566
445	7.92229128	10.86753646
446	7.920055131	10.86489245
447	7.917863536	10.8617432
448	7.914901253	10.85798079
449	7.913058215	10.85583305
450	7.910811384	10.85298192
451	7.90863577	10.84982437
452	7.906230502	10.8466481
453	7.903674422	10.84267698
454	7.901088154	10.83840447
455	7.89906779	10.83581073
456	7.896271186	10.83234008
457	7.894977614	10.83058842
458	7.893455554	10.82892174
459	7.889748075	10.82426811
460	7.886774797	10.82021724
461	7.883818805	10.81677137
462	7.881598559	10.81409933
463	7.879458703	10.81100557
464	7.87783051	10.80856501
465	7.874775123	10.80470001
466	7.87297287	10.80221092
467	7.871239682	10.79961012
468	7.86985574	10.79783646
469	7.868538114	10.79601025
470	7.865498282	10.79257547
471	7.86309271	10.78970964
472	7.861074614	10.78686621
473	7.858682757	10.78412432
474	7.856657748	10.7813891
475	7.855001492	10.77940427
476	7.851620785	10.77448624
477	7.848228587	10.77038635
478	7.845913367	10.76725567
479	7.843767253	10.76423811
480	7.84245098	10.7623571
481	7.840583355	10.75977287
482	7.837652152	10.75611576
483	7.834878093	10.75259827
484	7.833110197	10.7500918
485	7.831001323	10.74762933
486	7.828196515	10.74389869
487	7.826596431	10.74192239
488	7.825356951	10.74055898
489	7.822892466	10.73752728
490	7.820972999	10.73492152
491	7.819532503	10.73310951
492	7.816794243	10.72964548
493	7.814636384	10.7268279
494	7.813468464	10.72511063
495	7.810806999	10.72138679
496	7.808363782	10.71846653
497	7.806740957	10.71580026
498	7.805251139	10.7130591
499	7.803211324	10.71032891
500	7.801702588	10.70838402
501	7.799492887	10.70519367
502	7.796830592	10.70148137
503	7.794300651	10.69821396
504	7.79206668	10.695314
505	7.791016002	10.69388743
506	7.788778051	10.69080369
507	7.786140624	10.68727041
508	7.784040483	10.68438783
509	7.781840313	10.68164266
510	7.778668385	10.67801632
511	7.776864578	10.67537591
512	7.774844469	10.67227513
513	7.77338047	10.6698915
514	7.771552837	10.66749871
515	7.769044449	10.66419233
516	7.766203787	10.66052336
517	7.764876632	10.65844917
518	7.763516651	10.65632117
519	7.761880481	10.65405598
520	7.75994161	10.65167297
521	7.757812134	10.64900405
522	7.756403373	10.64727344
523	7.754031378	10.64424691
524	7.751949429	10.64130228
525	7.75001529	10.63839166
526	7.748697955	10.6366684
527	7.746763179	10.63412058
528	7.743511134	10.62997595
529	7.740697728	10.62667645
530	7.738123808	10.62394215
531	7.736372781	10.62191404
532	7.733976653	10.6188942
533	7.732030163	10.61633705
534	7.729664161	10.61307756
535	7.727211897	10.61009157
536	7.725004514	10.60726132
537	7.723124916	10.60484628
538	7.72231083	10.60345141
539	7.720078184	10.60039241
540	7.718181496	10.59775721
541	7.716391178	10.59545859
542	7.713744437	10.59116324
543	7.71156401	10.5883427
544	7.710293384	10.58651163
545	7.707894449	10.5832422
546	7.705179422	10.5800206
547	7.70228247	10.57652798
548	7.700257976	10.57405437
549	7.698645465	10.57190146
550	7.696075653	10.56855848
551	7.693718321	10.56533822
552	7.69061098	10.56107779
553	7.688236227	10.55781128
554	7.686024672	10.55460605
555	7.684613515	10.55313734
556	7.682540842	10.54988111
557	7.680523069	10.54696555
558	7.679188628	10.54537773
559	7.677224288	10.54274989
560	7.675911649	10.54098306
561	7.673196648	10.53772993
562	7.671563509	10.53520305
563	7.669850089	10.5328571
564	7.66816598	10.53064603
565	7.665567363	10.52714622
566	7.663584441	10.52453742
567	7.661947058	10.52239216
568	7.659464095	10.51869759
569	7.657694799	10.51655749
570	7.654962201	10.51289886
571	7.652161979	10.50892663
572	7.6501684	10.50615228
573	7.647898662	10.50347972
574	7.646006484	10.50049512
575	7.643588409	10.4973606
576	7.641786555	10.49475679
577	7.639526544	10.49171736
578	7.635739041	10.48660602
579	7.633074274	10.48315726
580	7.63018493	10.47934142
581	7.62763523	10.47565553
582	7.625649289	10.4728422
583	7.623132481	10.4696907
584	7.62025619	10.46608232
585	7.617567154	10.46265189
586	7.615416238	10.45993315
587	7.613475133	10.45718391
588	7.611180839	10.45406776
589	7.609308984	10.45144471
590	7.60856584	10.45030515
591	7.605350273	10.44628199
592	7.60349069	10.4437343
593	7.600786988	10.4401608
594	7.59876487	10.43718767
595	7.596406987	10.43391069
596	7.594463793	10.4311617
597	7.592353625	10.42880947
598	7.590699065	10.42679585
599	7.588387691	10.42386254
600	7.58563304	10.42040244
601	7.584147129	10.41848685
602	7.581558755	10.41473214
603	7.580298105	10.41331237
604	7.578234953	10.41063657
605	7.575167182	10.4071653
606	7.572829253	10.40393542
607	7.569226581	10.39967409
608	7.566873691	10.39674798
609	7.564306113	10.39311454
610	7.561696368	10.39004517
611	7.559215137	10.38689428
612	7.556441633	10.38405551
613	7.554263603	10.38111622
614	7.551782196	10.37822231
615	7.54981354	10.37560266
616	7.547957917	10.37299197
617	7.545798437	10.37022323
618	7.545072966	10.36914099
619	7.542519201	10.36543619
620	7.540550771	10.36251939
621	7.538078392	10.35939013
622	7.535499931	10.35605744
623	7.53339589	10.35316629
624	7.530885846	10.34967049
625	7.528570484	10.34656791
626	7.526592931	10.34375043
627	7.524460558	10.34069697
628	7.522581398	10.33822739
629	7.519664053	10.33472132
630	7.516247091	10.3308704
631	7.513173408	10.32643863
632	7.510615403	10.32317028
633	7.507397154	10.31954313
634	7.504752871	10.31605045
635	7.502372067	10.31283803
636	7.499933574	10.30931723
637	7.497538234	10.30652166
638	7.494585717	10.30309067
639	7.492640485	10.30014073
640	7.490722813	10.29751801
641	7.488420647	10.29453802
642	7.486805206	10.29230342
643	7.485067076	10.28992993
644	7.482171296	10.28628145
645	7.479377859	10.28298587
646	7.477643807	10.28045909
647	7.476645819	10.27892899
648	7.474347042	10.27594011
649	7.472368863	10.27303355
650	7.470041444	10.2699305
651	7.466997381	10.26620697
652	7.464327778	10.26291295
653	7.462411114	10.26039072
654	7.460477905	10.25738725
655	7.458577724	10.25459317
656	7.456041213	10.25125279
657	7.453881565	10.24832596
658	7.452689016	10.24632992
659	7.451330217	10.24449533
660	7.448473951	10.24054185
661	7.446470795	10.23757347
662	7.44443599	10.23438769
663	7.443167761	10.23267925
664	7.441323209	10.23061759
665	7.439314172	10.22812828
666	7.436950391	10.22502374
667	7.435783997	10.22352759
668	7.433534293	10.22077478
669	7.431684692	10.2184596
670	7.430047738	10.21629479
671	7.42761904	10.21258497
672	7.424967651	10.20898987
673	7.42333075	10.20665377
674	7.420099106	10.20200756
675	7.418433285	10.19968423
676	7.415763485	10.19567097
677	7.413916398	10.19337607
678	7.411923153	10.19040534
679	7.41025414	10.18825884
680	7.408106192	10.18558475
681	7.406037394	10.18281554
682	7.404349194	10.18047043
683	7.402095212	10.17751363
684	7.400184265	10.17509043
685	7.397691076	10.17156278
686	7.395587246	10.16856626
687	7.393497371	10.16535444
688	7.39118752	10.16261214
689	7.389315487	10.15985651
690	7.387458735	10.15710429
691	7.385342709	10.15501028
692	7.383714816	10.15273075
693	7.382519459	10.1508991
694	7.380808892	10.14884717
695	7.378540593	10.14553981
696	7.376230868	10.14239638
697	7.374673618	10.14018091
698	7.372223301	10.13702088
699	7.369272325	10.13295553
700	7.367281335	10.12986812
701	7.364629931	10.12646645
702	7.361833486	10.12320691
703	7.359712177	10.12027854
704	7.35759252	10.117551
705	7.35534729	10.11464202
706	7.35272986	10.11124621
707	7.351339603	10.10918389
708	7.349380104	10.10697651
709	7.3477244	10.10485427
710	7.345113879	10.10121429
711	7.342868904	10.09784962
712	7.340594466	10.09442176
713	7.338364343	10.09123205
714	7.336842174	10.08892338
715	7.335344813	10.08677151
716	7.332828292	10.08369783
717	7.330499078	10.08078612
718	7.329016131	10.07879544
719	7.326564897	10.07585261
720	7.32466018	10.07291391
721	7.323258771	10.07098681
722	7.321724078	10.06889332
723	7.319583554	10.06606357
724	7.317747213	10.0635938
725	7.315278522	10.06056955
726	7.313974059	10.05882622
727	7.31122985	10.05477072
728	7.308123886	10.05091164
729	7.306286907	10.0486252
730	7.303534348	10.04517699
731	7.301596204	10.04269281
732	7.299493188	10.03994845
733	7.297281518	10.03674248
734	7.2953663	10.03400242
735	7.293559615	10.03132834
736	7.291625507	10.02896872
737	7.289737185	10.02631028
738	7.287534452	10.02371212
739	7.285390837	10.02079293
740	7.282975943	10.01712117
741	7.281368905	10.0153669
742	7.278672268	10.01205746
743	7.275526253	10.00765134
744	7.274320597	10.00575663
745	7.271055375	10.00094959
746	7.268353253	9.997188343
747	7.265903282	9.993576001
748	7.263521918	9.990332773
749	7.262323063	9.988504243
750	7.259919327	9.985272088
751	7.25797294	9.982741354
752	7.255255321	9.979700207
753	7.253793909	9.977516482
754	7.251168214	9.9740678
755	7.250044846	9.972467358
756	7.248038587	9.969798115
757	7.245703899	9.966645595
758	7.244161999	9.964765162
759	7.242761908	9.963172022
760	7.241538071	9.961680646
761	7.239217947	9.958541281
762	7.237899927	9.956695453
763	7.235432435	9.953076242
764	7.233241077	9.950493556
765	7.231128332	9.947419586
766	7.228969064	9.944787755
767	7.227135636	9.942583912
768	7.225318739	9.939801619
769	7.223193009	9.936481101
770	7.220753635	9.933072228
771	7.218525602	9.929957429
772	7.217327031	9.928476617
773	7.215318311	9.925066916
774	7.213785558	9.922967146
775	7.211749184	9.920274079
776	7.209570077	9.917308942
777	7.20746859	9.914689627
778	7.205215427	9.911325687
779	7.203392639	9.908982349
780	7.202026337	9.907185106
781	7.200874451	9.905682537
782	7.198821025	9.902892817
783	7.196852676	9.900112596
784	7.194611397	9.897167995
785	7.191678242	9.893583209
786	7.190695096	9.89201497
787	7.188399784	9.889352482
788	7.186647537	9.886833759
789	7.184545109	9.883966884
790	7.18332635	9.881960231
791	7.181217091	9.878786593
792	7.179932166	9.87667775
793	7.178491291	9.874696128
794	7.175650058	9.871152454
795	7.173710049	9.868389282
796	7.171942984	9.866126887
797	7.170207998	9.863615706
798	7.168309907	9.861248687
799	7.165873091	9.858407365
800	7.163677708	9.855016259
801	7.16155451	9.852129404
802	7.159426585	9.849444331
803	7.157184479	9.846274644
804	7.154020032	9.8417637
805	7.151831639	9.838687915
806	7.151374458	9.837940925
807	7.149675366	9.835462448
808	7.148868868	9.83429647
809	7.146809606	9.831102635
810	7.145079257	9.828669583
811	7.143219354	9.826008497
812	7.141460509	9.823585144
813	7.14036168	9.821828989
814	7.138706386	9.819495142
815	7.136766315	9.817235685
816	7.134752464	9.814719752
817	7.13285063	9.81249585
818	7.130831532	9.809940803
819	7.129318633	9.807789551
820	7.128279771	9.806283735
821	7.125947009	9.80312774
822	7.124278849	9.800715931
823	7.122358815	9.798108155
824	7.120629278	9.79593682
825	7.119553016	9.793972443
826	7.117559351	9.790996957
827	7.116645225	9.789654917
828	7.115481145	9.787888714
829	7.113671429	9.785777593
830	7.112002945	9.783338117
831	7.110461276	9.781470551
832	7.108390718	9.778746255
833	7.106649788	9.776266092
834	7.10466745	9.773937251
835	7.104055834	9.773000207
836	7.102950795	9.771718869
837	7.101188175	9.769391482
838	7.099275247	9.766334817
839	7.097954605	9.764281078
840	7.096520004	9.761675879
841	7.094616499	9.759421364
842	7.093707811	9.7581567
843	7.091873765	9.755938841
844	7.090051739	9.753496376
845	7.087792561	9.750450627
846	7.086106322	9.747956707
847	7.084319188	9.745917023
848	7.082365852	9.742776964
849	7.080433334	9.74020167
850	7.078656813	9.737795819
851	7.076819503	9.735168944
852	7.07526348	9.733232813
853	7.073855876	9.73140041
854	7.072791834	9.729734596
855	7.071599427	9.728488308
856	7.069767625	9.725908237
857	7.067853031	9.7236871
858	7.066938609	9.722632852
859	7.064729489	9.719936752
860	7.06274189	9.717316912
861	7.060566959	9.714324699
862	7.058583068	9.711984243
863	7.056519266	9.709034108
864	7.056164747	9.708315399
865	7.054625874	9.70603282
866	7.052105684	9.702806415
867	7.050489182	9.700434031
868	7.048242464	9.696968353
869	7.046483788	9.694357688
870	7.044890026	9.692027279
871	7.043851901	9.690413491
872	7.042514253	9.688694164
873	7.041371883	9.68706658
874	7.03927646	9.684125027
875	7.037210894	9.681683472
876	7.035482016	9.679005881
877	7.034257718	9.6772457
878	7.033105356	9.675444283
879	7.032246095	9.67434712
880	7.031193699	9.673061961
881	7.030232297	9.671912746
882	7.028213517	9.669285697
883	7.026574147	9.666766289
884	7.025693094	9.665326563
885	7.024087049	9.662939184
886	7.023582773	9.662174065
887	7.022499871	9.660802733
888	7.020595951	9.657824588
889	7.019234202	9.655968805
890	7.017514597	9.653131759
891	7.015196142	9.650435309
892	7.013346996	9.647976817
893	7.010956475	9.645248319
894	7.009237778	9.642664789
895	7.008473289	9.641459077
896	7.007560834	9.640263203
897	7.005784982	9.637856169
898	7.004553995	9.636333615
899	7.002735304	9.633631157
900	7.000885732	9.631142743
901	6.999042022	9.628676809
902	6.997054476	9.625984285
903	6.996320948	9.624928139
904	6.994271972	9.62211301
905	6.99385621	9.621432975
906	6.992202862	9.619031339
907	6.990955758	9.617183478
908	6.988527655	9.61402389
909	6.986712716	9.611438423
910	6.984466695	9.608795229
911	6.982546263	9.606541219
912	6.980750175	9.604291446
913	6.978477458	9.600779175
914	6.97711547	9.599052176
915	6.97480392	9.596332433
916	6.97279185	9.593366674
917	6.971251892	9.590773475
918	6.969217506	9.588203435
919	6.96736026	9.585541794
920	6.96616433	9.5839497
921	6.965048793	9.582201976
922	6.963915812	9.580554668
923	6.962174592	9.578473022
924	6.960828311	9.576705061
925	6.958182383	9.573004304
926	6.957399968	9.57170569
927	6.955637459	9.569651021
928	6.954677237	9.568233472
929	6.9530039	9.565843338
930	6.951672533	9.563856435
931	6.948826304	9.559940022
932	6.948034203	9.558906184
933	6.946282871	9.556511412
934	6.944615137	9.554278457
935	6.944131174	9.553496667
936	6.942750193	9.551405697
937	6.941879446	9.550117496
938	6.940261521	9.547752276
939	6.938749798	9.545638812
940	6.936617219	9.542632306
941	6.934651808	9.540140067
942	6.933115632	9.538142179
943	6.931350839	9.535490725
944	6.929678172	9.533121708
945	6.927487811	9.530464559
946	6.925563714	9.527783687
947	6.924252702	9.526150013
948	6.922207	9.523498366
949	6.920642722	9.521177628
950	6.918906706	9.518747238
951	6.917954894	9.517292824
952	6.916213624	9.514732632
953	6.914145919	9.511779006
954	6.912333962	9.50914724
955	6.910444991	9.506723208
956	6.90911535	9.505443162
957	6.907578606	9.503297074
958	6.906518267	9.502057599
959	6.905309196	9.500239332
960	6.903256598	9.497385434
961	6.901987508	9.495751138
962	6.900646198	9.493743448
963	6.899867429	9.492507748
964	6.898127002	9.489737678
965	6.897046856	9.487966412
966	6.895844304	9.486398226
967	6.893681816	9.484012158
968	6.89218992	9.48230481
969	6.890859779	9.480285642
970	6.889061073	9.477994391
971	6.88729937	9.475469936
972	6.886145622	9.473880987
973	6.884898413	9.472454399
974	6.88375398	9.470929194
975	6.882535591	9.469045172
976	6.881135718	9.467268286
977	6.87952187	9.464887978
978	6.878724188	9.463384808
979	6.877332672	9.461377363
980	6.876103286	9.459804557
981	6.87434091	9.457984257
982	6.873180061	9.456500749
983	6.870763636	9.453439988
984	6.868859877	9.450828371
985	6.867743157	9.449277084
986	6.866632217	9.447969621
987	6.865305509	9.446167164
988	6.86497291	9.44558437
989	6.863690372	9.444031726
990	6.862458453	9.442106384
991	6.860704827	9.439905149
992	6.858843182	9.437451951
993	6.857627811	9.435899921
994	6.856671614	9.434725292
995	6.855568559	9.433454873
996	6.854813078	9.432663391
997	6.854039537	9.431563664
998	6.852647483	9.42958415
999	6.85130603	9.427355471
1000	6.850372689	9.425930772
1001	6.849159481	9.424185558
1002	6.848040165	9.422666092
1003	6.846933824	9.421041159
1004	6.84583467	9.419198563
1005	6.84493372	9.418124385
1006	6.843699153	9.415930094
1007	6.842046505	9.413702786
1008	6.841039436	9.41220725
1009	6.839296797	9.409564931
1010	6.838858666	9.408773374
1011	6.83780713	9.407274477
1012	6.837078193	9.406253425
1013	6.836037831	9.404902298
1014	6.834614804	9.402872131
1015	6.83247146	9.400073417
1016	6.831259615	9.39834055
1017	6.829967384	9.396608246
1018	6.829060128	9.395277968
1019	6.827169891	9.393166696
1020	6.82617388	9.391709841
1021	6.82483993	9.38991476
1022	6.823485803	9.38797672
1023	6.821184643	9.384720048
1024	6.820203517	9.382981237
1025	6.817984284	9.379584023
1026	6.816625869	9.377714711
1027	6.815661928	9.376458033
1028	6.813976738	9.374206896
1029	6.812794751	9.372613026
1030	6.810960768	9.370291882
1031	6.809524392	9.368223854
1032	6.807983444	9.36628836
1033	6.806513299	9.364444683
1034	6.805084665	9.362740271
1035	6.803364249	9.360507587
1036	6.802033923	9.358649449
1037	6.801200216	9.357224538
1038	6.799526021	9.355291414
1039	6.797633689	9.352770071
1040	6.795669378	9.350189423
1041	6.794360722	9.34832077
1042	6.792978652	9.346496928
1043	6.791877116	9.344989383
1044	6.790105097	9.342621501
1045	6.787653702	9.339694584
1046	6.786589316	9.338315086
1047	6.785260937	9.336398102
1048	6.783860582	9.33470607
1049	6.782269606	9.332676444
1050	6.780824955	9.330659129
1051	6.780362362	9.330054663
1052	6.77882191	9.327993125
1053	6.77704303	9.325344917
1054	6.775502453	9.322798512
1055	6.773552513	9.319688517
1056	6.772196484	9.318109606
1057	6.769866608	9.314778204
1058	6.768228978	9.312955881
1059	6.767137546	9.311182427
1060	6.765710301	9.309270486
1061	6.764479736	9.307749023
1062	6.763065998	9.30571732
1063	6.762032292	9.304438107
1064	6.760757868	9.302543035
1065	6.759366796	9.300436547
1066	6.75811379	9.29912729
1067	6.756787494	9.297463928
1068	6.755375949	9.295456947
1069	6.754040582	9.293580447
1070	6.753030146	9.292309002
1071	6.751611474	9.290460604
1072	6.750299186	9.288724727
1073	6.750054865	9.288265299
1074	6.748772893	9.286780215
1075	6.747258629	9.284740665
1076	6.745603126	9.282369427
1077	6.744783418	9.281461804
1078	6.743934176	9.280215578
1079	6.741836016	9.27746214
1080	6.740228134	9.275401441
1081	6.738814919	9.273252955
1082	6.737137373	9.270823568
1083	6.735956043	9.269052848
1084	6.734422604	9.266735158
1085	6.731283426	9.262659849
1086	6.730357461	9.26122881
1087	6.729299757	9.259762556
1088	6.727866722	9.257736809
1089	6.726639317	9.255913331
1090	6.725027065	9.253887517
1091	6.723681883	9.251838817
1092	6.721572292	9.249094225
1093	6.719997879	9.246803593
1094	6.718403646	9.244668548
1095	6.716814913	9.242562589
1096	6.716178022	9.241745455
1097	6.714502768	9.239267353
1098	6.713171802	9.237698619
1099	6.711345975	9.235056227
1100	6.709427643	9.232634815
1101	6.708629373	9.231480678
1102	6.706931271	9.229080622
1103	6.705472951	9.227141045
1104	6.703232692	9.224155168
1105	6.701201329	9.221130255
1106	6.698893696	9.218194139
1107	6.697297967	9.215875193
1108	6.69638958	9.214286311
1109	6.694911807	9.212330405
1110	6.693668461	9.210497207
1111	6.691915788	9.208282426
1112	6.690756712	9.206622791
1113	6.689075374	9.204481696
1114	6.688157814	9.203361827
1115	6.687089546	9.202142312
1116	6.686005802	9.200779188
1117	6.685130919	9.199562457
1118	6.683514777	9.197388438
1119	6.68197089	9.195154666
1120	6.680360673	9.192780517
1121	6.679163602	9.191262423
1122	6.677099343	9.188891237
1123	6.675463208	9.186447956
1124	6.673879531	9.184518088
1125	6.672340447	9.182184071
1126	6.67134607	9.180868475
1127	6.669486665	9.178564652
1128	6.667693176	9.176025127
1129	6.667243673	9.175498138
1130	6.666265486	9.174181906
1131	6.664603912	9.171693265
1132	6.663579536	9.170265792
1133	6.662667609	9.168984875
1134	6.661354991	9.167289055
1135	6.660252944	9.165782026
1136	6.658818168	9.16370752
1137	6.657423313	9.1616739
1138	6.656287991	9.160146701
1139	6.654569849	9.157987691
1140	6.65281043	9.155685509
1141	6.651789367	9.154451589
1142	6.649729077	9.151927584
1143	6.647968527	9.149409516
1144	6.646162237	9.146945581
1145	6.644225283	9.144400045
1146	6.643184464	9.142895267
1147	6.641436565	9.140505671
1148	6.640251164	9.138774684
1149	6.639721544	9.137885347
1150	6.638825009	9.136570961
1151	6.637800443	9.13495629
1152	6.636596021	9.133211726
1153	6.635244586	9.131301859
1154	6.633311693	9.128374239
1155	6.631932691	9.126522736
1156	6.630418799	9.124611779
1157	6.629457413	9.123075645
1158	6.62837635	9.121631678
1159	6.626875237	9.119687194
1160	6.625805306	9.118381348
1161	6.623977555	9.115781907
1162	6.621644694	9.112191032
1163	6.620057875	9.110339093
1164	6.619002376	9.10897015
1165	6.617668189	9.107012754
1166	6.616038483	9.104579569
1167	6.614932157	9.103246415
1168	6.613924227	9.101871165
1169	6.61251491	9.100039776
1170	6.61095162	9.097575164
1171	6.610036112	9.096361821
1172	6.609175026	9.095411601
1173	6.607775455	9.093337987
1174	6.605599151	9.090436789
1175	6.604391367	9.088862841
1176	6.60337941	9.087253156
1177	6.602212269	9.085786112
1178	6.601117132	9.084417708
1179	6.599748001	9.082818454
1180	6.598757177	9.08152654
1181	6.597010122	9.079465266
1182	6.595863382	9.077928281
1183	6.594421261	9.076215215
1184	6.592851922	9.074419397
1185	6.591108685	9.072179324
1186	6.589770348	9.070205303
1187	6.588250811	9.067973316
1188	6.586796661	9.065899703
1189	6.58530007	9.063934446
1190	6.584117129	9.061944463
1191	6.582522672	9.05961806
1192	6.581481455	9.05841488
1193	6.580291462	9.056861635
1194	6.578868237	9.055097573
1195	6.578082089	9.053965374
1196	6.576987225	9.052257527
1197	6.575583025	9.050508415
1198	6.574120045	9.048278219
1199	6.572959902	9.046730154
1200	6.571818322	9.045157787
1201	6.570697027	9.043568096
1202	6.568948862	9.041400547
1203	6.567933115	9.039934021
1204	6.566856228	9.037969252
1205	6.565407761	9.035760671
1206	6.564208915	9.034008939
1207	6.563379428	9.032642652
1208	6.562010781	9.030804153
1209	6.560064867	9.0288072
1210	6.559129453	9.027679882
1211	6.55834798	9.026434545
1212	6.557182399	9.02470755
1213	6.556232376	9.02360479
1214	6.554632974	9.021654957
1215	6.55310317	9.019385414
1216	6.551404537	9.016804277
1217	6.550490035	9.015571347
1218	6.549557222	9.014269498
1219	6.54803641	9.012131509
1220	6.546785427	9.010789129
1221	6.545560677	9.008888255
1222	6.544307122	9.007110884
1223	6.543057183	9.005525144
1224	6.541735919	9.003788532
1225	6.540815269	9.002365804
1226	6.539153993	8.999952989
1227	6.537795658	8.99804437
1228	6.536183165	8.996192757
1229	6.535172406	8.99470623
1230	6.534194485	8.993338206
1231	6.532945054	8.991519393
1232	6.531680883	8.989642512
1233	6.530447841	8.987966556
1234	6.529247632	8.986140286
1235	6.528206314	8.984704808
1236	6.527055758	8.983297606
1237	6.526063053	8.982014108
1238	6.525074575	8.980636577
1239	6.523741318	8.978544532
1240	6.5225766	8.976639418
1241	6.520716818	8.974234918
1242	6.519292951	8.972001763
1243	6.517935983	8.969795743
1244	6.516543542	8.967875076
1245	6.515453617	8.966053937
1246	6.514781043	8.964998097
1247	6.513302287	8.962818269
1248	6.512115342	8.961337773
1249	6.510216667	8.958369671
1250	6.509261209	8.957123646
1251	6.507960739	8.955446844
1252	6.506658957	8.953686937
1253	6.505386286	8.951772885
1254	6.504241417	8.950250321
1255	6.503090445	8.948425471
1256	6.501877308	8.946750226
1257	6.500837712	8.945051027
1258	6.499376205	8.943066318
1259	6.495981504	8.938625367
1260	6.494592788	8.936881468
1261	6.493770847	8.935762213
1262	6.492726526	8.934384701
1263	6.491666207	8.932748303
1264	6.489384844	8.929869195
1265	6.488096123	8.928089278
1266	6.487331748	8.927217294
1267	6.48554345	8.924781551
1268	6.48457937	8.923439816
1269	6.483615541	8.922093693
1270	6.482465465	8.920382938
1271	6.481186093	8.918424869
1272	6.479995526	8.916659491
1273	6.47930152	8.915505298
1274	6.478492313	8.914305373
1275	6.477354919	8.91238699
1276	6.477312014	8.912335003
1277	6.47664512	8.911290134
1278	6.475011966	8.909132132
1279	6.473939315	8.907778
1280	6.472539897	8.906084314
1281	6.471378701	8.904328381
1282	6.470530879	8.903170718
1283	6.469313207	8.901338338
1284	6.467826204	8.899364376
1285	6.466757992	8.897719934
1286	6.464652503	8.895343455
1287	6.46348619	8.893778364
1288	6.46289315	8.892948001
1289	6.461248634	8.890724509
1290	6.460340447	8.889419291
1291	6.458541216	8.887448911
1292	6.457157509	8.885514287
1293	6.456124149	8.884243678
1294	6.455039753	8.882678666
1295	6.454229939	8.881842556
1296	6.452062949	8.879057764
1297	6.45038096	8.876643772
1298	6.449364077	8.875443608
1299	6.447760964	8.872847333
1300	6.445796344	8.870197863
1301	6.444881282	8.868925547
1302	6.443841112	8.867681479
1303	6.442478355	8.865911184
1304	6.441048412	8.864217432
1305	6.439949475	8.862668644
1306	6.438109774	8.860596621
1307	6.436570063	8.858508897
1308	6.434613351	8.85601215
1309	6.433120933	8.853969784
1310	6.432349673	8.852921217
1311	6.431538079	8.85174009
1312	6.430211999	8.850296746
1313	6.428887103	8.848640733
1314	6.427699781	8.846856719
1315	6.426231327	8.84480958
1316	6.42475727	8.842799517
1317	6.423570093	8.841062001
1318	6.422515161	8.839518482
1319	6.421925984	8.838609551
1320	6.420582298	8.837127536
1321	6.419900568	8.836009096
1322	6.41895891	8.834829952
1323	6.417485913	8.832779256
1324	6.416599672	8.831546591
1325	6.41521551	8.82975737
1326	6.414305896	8.828316011
1327	6.413072051	8.826883485
1328	6.411608801	8.824976493
1329	6.410398196	8.823357209
1330	6.409411125	8.822034963
1331	6.408290435	8.820447324
1332	6.406632406	8.817840046
1333	6.404959316	8.815925374
1334	6.40390232	8.814367018
1335	6.402878145	8.812530125
1336	6.400656825	8.809669133
1337	6.399340503	8.807833079
1338	6.398291867	8.806532873
1339	6.396459168	8.80415621
1340	6.395303762	8.802692855
1341	6.393015001	8.799797994
1342	6.391679375	8.798136672
1343	6.390808629	8.797097981
1344	6.388829947	8.794341724
1345	6.387328906	8.79196303
1346	6.386397202	8.790551788
1347	6.385329338	8.78880858
1348	6.384213956	8.78713534
1349	6.382739857	8.784971894
1350	6.381583005	8.783287505
1351	6.380478664	8.781682737
1352	6.37951281	8.780244772
1353	6.378454818	8.778740224
1354	6.37688243	8.776659386
1355	6.37588658	8.775235057
1356	6.37481403	8.773688031
1357	6.374033429	8.772552165
1358	6.372457513	8.770546601
1359	6.371676883	8.769469556
1360	6.370284325	8.767397892
1361	6.369202758	8.766106549
1362	6.367897295	8.764526381
1363	6.36648845	8.762532458
1364	6.365577537	8.761179075
1365	6.364918161	8.760193801
1366	6.364021885	8.758954139
1367	6.363150537	8.757797618
1368	6.361933547	8.755856505
1369	6.360443653	8.7536991
1370	6.359029855	8.751595004
1371	6.357592082	8.749486352
1372	6.356038549	8.74719886
1373	6.354735803	8.745402648
1374	6.353520359	8.743632924
1375	6.352260439	8.741832086
1376	6.351302163	8.74051071
1377	6.350578603	8.739431222
1378	6.349607274	8.738284098
1379	6.348181762	8.736351312
1380	6.346834223	8.734357906
1381	6.345476665	8.732491235
1382	6.344005375	8.730445306
1383	6.342797846	8.729018956
1384	6.341537717	8.727245301
1385	6.340606212	8.72565254
1386	6.339121796	8.723537789
1387	6.33794206	8.721852969
1388	6.336037015	8.719404141
1389	6.334812783	8.717640072
1390	6.333313881	8.715304722
1391	6.332296973	8.713776104
1392	6.331533854	8.712628853
1393	6.331046927	8.711807358
1394	6.330079099	8.710202241
1395	6.328744363	8.708314456
1396	6.327923976	8.707156605
1397	6.327870737	8.7070756
1398	6.326430281	8.705134813
1399	6.325215752	8.703317317
1400	6.323674276	8.700998141
1401	6.321913278	8.69844529
1402	6.320728513	8.696914172
1403	6.319260448	8.695068363
1404	6.318162015	8.693642613
1405	6.317265568	8.692471882
1406	6.315836428	8.690394767
1407	6.315131619	8.689336842
1408	6.314718094	8.688727338
1409	6.313310326	8.686725626
1410	6.311626888	8.684294719
1411	6.310363455	8.68239123
1412	6.30895019	8.680572237
1413	6.307842956	8.678939405
1414	6.306641675	8.677337311
1415	6.305216532	8.675257818
1416	6.303971124	8.673454866
1417	6.302092414	8.671015429
1418	6.300320939	8.668612488
1419	6.299188921	8.667160596
1420	6.297353925	8.665068093
1421	6.296431424	8.663876956
1422	6.295016256	8.662049667
1423	6.294320589	8.661271486
1424	6.293370238	8.660040533
1425	6.291230695	8.657370205
1426	6.290328693	8.655902007
1427	6.289352278	8.654778989
1428	6.288293423	8.653398795
1429	6.286261686	8.651004234
1430	6.285058763	8.649375901
1431	6.283213851	8.647049272
1432	6.281851353	8.645189939
1433	6.280630699	8.643449331
1434	6.279778047	8.642252278
1435	6.27927948	8.64157435
1436	6.277996283	8.640024192
1437	6.276848064	8.638708142
1438	6.276035777	8.637404916
1439	6.274751378	8.635578791
1440	6.274142741	8.634609832
1441	6.273117755	8.633224804
1442	6.271966057	8.631723946
1443	6.270722157	8.630075431
1444	6.269235202	8.628171206
1445	6.268190912	8.626858394
1446	6.267087864	8.625489536
1447	6.265945576	8.623804345
1448	6.264880339	8.622218053
1449	6.263417383	8.620216449
1450	6.262546298	8.619100389
1451	6.261317341	8.617315549
1452	6.260156832	8.615711354
1453	6.259223077	8.614405674
1454	6.258520352	8.613407979
1455	6.257925418	8.612604945
1456	6.257032301	8.611432462
1457	6.255960364	8.609994105
1458	6.255072591	8.608712877
1459	6.253369639	8.606579247
1460	6.252354023	8.604936515
1461	6.251004901	8.603006669
1462	6.250049969	8.601866952
1463	6.248944728	8.600517502
1464	6.247844889	8.598873015
1465	6.246057999	8.596719597
1466	6.245120017	8.595355574
1467	6.243755574	8.593494138
1468	6.242493188	8.591725211
1469	6.241332197	8.590319243
1470	6.24058122	8.589171773
1471	6.24009885	8.588638166
1472	6.239221363	8.587422116
1473	6.237859809	8.585391986
1474	6.236725738	8.583739811
1475	6.236107247	8.582835764
1476	6.234388631	8.580316589
1477	6.233595343	8.579302021
1478	6.232369038	8.577671322
1479	6.231274246	8.576230287
1480	6.230095929	8.574913079
1481	6.229122376	8.573204463
1482	6.227761368	8.571508461
1483	6.226171302	8.569476579
1484	6.225028838	8.568032731
1485	6.223935426	8.566549653
1486	6.222622828	8.564623622
1487	6.220765842	8.562035971
1488	6.219684211	8.560743671
1489	6.218340533	8.558819607
1490	6.217213716	8.557495146
1491	6.21634754	8.556237757
1492	6.215255948	8.554579327
1493	6.213945124	8.552650547
1494	6.213185677	8.551541481
1495	6.212819257	8.551079948
1496	6.21170169	8.549722023
1497	6.210368136	8.548031613
1498	6.208894652	8.546154912
1499	6.208260512	8.545197159
1500	6.206895941	8.543350864
1501	6.20573895	8.541759486
1502	6.204879738	8.540664426
1503	6.203768802	8.538824836
1504	6.202502264	8.536861143
1505	6.201577719	8.535610767
1506	6.199924245	8.533093104
1507	6.199102315	8.531808668
1508	6.198462634	8.530905079
1509	6.197282938	8.52909365
1510	6.195831594	8.52681982
1511	6.194830743	8.525505166
1512	6.193909548	8.524436689
1513	6.192972285	8.522995171
1514	6.192314644	8.522022088
1515	6.191328049	8.520792946
1516	6.190212388	8.519338517
1517	6.189296425	8.518073055
1518	6.188248912	8.516501359
1519	6.186995601	8.515033072
1520	6.184913275	8.512538154
1521	6.183164848	8.510192683
1522	6.182320725	8.509022423
1523	6.180767018	8.506887463
1524	6.179586296	8.504907017
1525	6.179396566	8.504640416
1526	6.178208338	8.502980555
1527	6.177163662	8.501545486
1528	6.176668867	8.500712912
1529	6.17571458	8.499425208
1530	6.17393932	8.496754086
1531	6.172608302	8.495058156
1532	6.171544944	8.493727447
1533	6.170348971	8.492065955
1534	6.169358345	8.49070304
1535	6.167632894	8.48832204
1536	6.16698741	8.487483679
1537	6.166120491	8.486245849
1538	6.164514944	8.484203501
1539	6.163499787	8.482400548
1540	6.162299209	8.480609387
1541	6.161115723	8.478995317
1542	6.160291487	8.477846384
1543	6.15856161	8.47560006
1544	6.157669941	8.474329627
1545	6.156682567	8.473046492
1546	6.15559043	8.471395989
1547	6.154554177	8.470011512
1548	6.153960072	8.469238049
1549	6.153370175	8.468318176
1550	6.152670286	8.467209842
1551	6.151460237	8.465433149
1552	6.150703049	8.464331377
1553	6.150459997	8.463973918
1554	6.148372895	8.461214447
1555	6.147622383	8.460057337
1556	6.146174228	8.457834909
1557	6.144723294	8.455874625
1558	6.14366607	8.454655166
1559	6.142671781	8.453158269
1560	6.141865772	8.452103924
1561	6.141769581	8.452010693
1562	6.140460136	8.450175884
1563	6.139810106	8.449172849
1564	6.138668751	8.447470729
1565	6.138419975	8.447044562
1566	6.136569265	8.444593018
1567	6.136036573	8.443690554
1568	6.134552277	8.441509402
1569	6.133960412	8.440602134
1570	6.133278292	8.439679411
1571	6.132673387	8.43896024
1572	6.131151563	8.436960051
1573	6.130927815	8.43670967
1574	6.130284186	8.435761521
1575	6.129207685	8.434273336
1576	6.128034755	8.432714876
1577	6.126955953	8.431213504
1578	6.126073144	8.429685736
1579	6.12515257	8.428523691
1580	6.12406048	8.426858798
1581	6.122523914	8.424971358
1582	6.121293692	8.423086788
1583	6.119839624	8.420963093
1584	6.118804617	8.419626801
1585	6.117409324	8.417712666
1586	6.116143364	8.41566739
1587	6.114556595	8.41350877
1588	6.114037793	8.412467264
1589	6.113461756	8.411474606
1590	6.112019287	8.409388507
1591	6.111082643	8.408107403
1592	6.109315112	8.405829851
1593	6.107849346	8.404005886
1594	6.10755072	8.403385826
1595	6.106098734	8.40119441
1596	6.106040748	8.401134387
1597	6.105116179	8.39970843
1598	6.104073512	8.398200728
1599	6.102729327	8.396429524
1600	6.101737688	8.395154658
1601	6.100828707	8.394026121
1602	6.099347264	8.392139069
1603	6.098051405	8.39057397
1604	6.097514218	8.389821912
1605	6.097352475	8.389512712
1606	6.095672718	8.387338992
1607	6.094668875	8.385945534
1608	6.09350666	8.384565965
1609	6.092848661	8.383648416
1610	6.092738616	8.383479239
1611	6.091514244	8.381852668
1612	6.090661231	8.38068486
1613	6.088705315	8.378430059
1614	6.087380787	8.37668807
1615	6.08655169	8.375659748
1616	6.085774468	8.37462631
1617	6.084788529	8.372999828
1618	6.082754605	8.370207918
1619	6.081997037	8.36924175
1620	6.081032065	8.367938527
1621	6.080338947	8.367173771
1622	6.079382911	8.36594041
1623	6.078311962	8.36453886
1624	6.077509014	8.363424108
1625	6.075864099	8.361253541
1626	6.075460227	8.360627607
1627	6.074730431	8.359561125
1628	6.073275204	8.357785889
1629	6.072502557	8.35687933
1630	6.07094419	8.354783523
1631	6.070592513	8.354191537
1632	6.070093201	8.353483842
1633	6.069877103	8.353225726
1634	6.069433601	8.35263183
1635	6.068137107	8.350658978
1636	6.067549079	8.349765029
1637	6.066689455	8.348582702
1638	6.065886589	8.34733414
1639	6.064870611	8.345900874
1640	6.063299258	8.343803097
1641	6.063267003	8.343766067
1642	6.062245236	8.342414319
1643	6.060599479	8.34016352
1644	6.059934738	8.339237287
1645	6.058727931	8.337614908
1646	6.058104215	8.336720229
1647	6.05695853	8.3351535
1648	6.056332698	8.334064978
1649	6.055128397	8.332313124
1650	6.053909625	8.33072531
1651	6.053669476	8.330414649
1652	6.053231223	8.329866586
1653	6.052697593	8.328906834
1654	6.051240212	8.326801246
1655	6.050291847	8.325594285
1656	6.049034317	8.323983056
1657	6.048078709	8.322612317
1658	6.047483908	8.3216714
1659	6.046475579	8.320408967
1660	6.045152726	8.31870507
1661	6.044353759	8.317547182
1662	6.043167231	8.316000545
1663	6.042097112	8.314392626
1664	6.041396279	8.313391716
1665	6.040704238	8.312434886
1666	6.039348018	8.310228402
1667	6.037448293	8.307632345
1668	6.035743858	8.305280185
1669	6.034904696	8.3040363
1670	6.034856628	8.303989592
1671	6.033146905	8.30177961
1672	6.03166833	8.29959448
1673	6.030526437	8.297960193
1674	6.029904225	8.297157012
1675	6.028549093	8.295335199
1676	6.026998279	8.293109495
1677	6.025683676	8.291152112
1678	6.024594319	8.289653483
1679	6.022476275	8.287160427
1680	6.021702539	8.28607741
1681	6.020410099	8.284407336
1682	6.019686294	8.283243117
1683	6.018991217	8.282263594
1684	6.01739254	8.28034546
1685	6.016243316	8.278895111
1686	6.014749807	8.276853278
1687	6.01409425	8.275672886
1688	6.0129981	8.274312116
1689	6.012044127	8.272940199
1690	6.011209874	8.27180807
1691	6.009363435	8.269509577
1692	6.0083328	8.268033701
1693	6.007383695	8.26686067
1694	6.006333452	8.265154434
1695	6.005559378	8.263933642
1696	6.004497776	8.262524945
1697	6.003161037	8.260546711
1698	6.002228635	8.259081939
1699	6.001531954	8.258115388
1700	6.000432073	8.256554626
1701	5.998954405	8.254461735
1702	5.997843185	8.252874578
1703	5.997707151	8.252624848
1704	5.996537507	8.251326502
1705	5.996518166	8.251306833
1706	5.995451563	8.249765292
1707	5.994636886	8.248786611
1708	5.993979647	8.247793842
1709	5.993014249	8.246519701
1710	5.991568104	8.244406733
1711	5.990575564	8.243104681
1712	5.989522266	8.241818944
1713	5.988820197	8.240714251
1714	5.987851554	8.239344794
1715	5.986855203	8.238031169
1716	5.98571725	8.236326518
1717	5.984945493	8.235024425
1718	5.984962141	8.23498072
1719	5.983854991	8.233634456
1720	5.982666511	8.232117835
1721	5.981983797	8.231146479
1722	5.981145818	8.229841891
1723	5.980183845	8.228526579
1724	5.97871108	8.226488107
1725	5.977248008	8.224415056
1726	5.975925268	8.222759922
1727	5.975098334	8.221418874
1728	5.972901248	8.218258707
1729	5.971501325	8.216427716
1730	5.970362056	8.214972292
1731	5.970209629	8.214738389
1732	5.969298175	8.213472471
1733	5.96788106	8.211474969
1734	5.96705192	8.210404696
1735	5.965835683	8.208823836
1736	5.964849107	8.207380446
1737	5.964574273	8.207100121
1738	5.963916019	8.206291612
1739	5.962724038	8.204734515
1740	5.961828012	8.203565556
1741	5.960351396	8.201391676
1742	5.959516974	8.200247705
1743	5.958925283	8.199191075
1744	5.957919013	8.197842578
1745	5.957809481	8.19767803
1746	5.956877431	8.196439263
1747	5.95576689	8.194784106
1748	5.955184512	8.194096819
1749	5.954067906	8.192596119
1750	5.952832539	8.190932663
1751	5.95197657	8.189752295
1752	5.95134051	8.189010787
1753	5.950291566	8.187617749
1754	5.949252672	8.186272155
1755	5.948034222	8.184713947
1756	5.94733193	8.183566529
1757	5.945937291	8.181803088
1758	5.944460416	8.179952828
1759	5.943991201	8.179161687
1760	5.943265584	8.17821202
1761	5.942116959	8.176574172
1762	5.941217865	8.175248594
1763	5.940063698	8.173881941
1764	5.939421789	8.17287543
1765	5.937574536	8.170171346
1766	5.936437068	8.168638342
1767	5.936241053	8.168414198
1768	5.935385297	8.167316797
1769	5.934681505	8.166446692
1770	5.933451965	8.164766995
1771	5.932246758	8.163115673
1772	5.930954524	8.161138623
1773	5.929751674	8.159653813
1774	5.928217458	8.15759214
1775	5.927044897	8.156031188
1776	5.925984168	8.154639508
1777	5.925031402	8.153358715
1778	5.924780303	8.153157875
1779	5.924333703	8.152390817
1780	5.923068051	8.150559946
1781	5.923052604	8.150549067
1782	5.922120681	8.149148861
1783	5.920634627	8.147154246
1784	5.919623175	8.145863876
1785	5.918839476	8.144852192
1786	5.918083348	8.14378711
1787	5.917087472	8.142472635
1788	5.915883402	8.140680099
1789	5.915115578	8.139753972
1790	5.914376996	8.138720695
1791	5.913574312	8.137597453
1792	5.912478359	8.136135025
1793	5.911494639	8.134672492
1794	5.910163251	8.132996274
1795	5.909248394	8.131788417
1796	5.908408461	8.130736808
1797	5.907442769	8.129216044
1798	5.906571536	8.128077441
1799	5.905991752	8.12720319
1800	5.905843621	8.127038691
1801	5.904803791	8.125619499
1802	5.903959482	8.124379279
1803	5.902371818	8.12218862
1804	5.902202491	8.121852583
1805	5.901196883	8.120449288
1806	5.900211261	8.119179139
1807	5.898933909	8.11759303
1808	5.898299164	8.116813511
1809	5.897652191	8.11594493
1810	5.896636083	8.11463144
1811	5.895952294	8.11351663
1812	5.894007129	8.110836878
1813	5.893722823	8.110553929
1814	5.892606081	8.109050005
1815	5.890917056	8.10703536
1816	5.889781995	8.105528847
1817	5.889418441	8.10502393
1818	5.888522003	8.103812689
1819	5.887259704	8.102047992
1820	5.886176216	8.100545332
1821	5.885072353	8.099107303
1822	5.884800564	8.098690528
1823	5.883847749	8.097513499
1824	5.882307424	8.095485572
1825	5.881631331	8.094445731
1826	5.880824568	8.093380084
1827	5.880185451	8.092306817
1828	5.879827319	8.09174776
1829	5.878650069	8.090131485
1830	5.877308316	8.088463212
1831	5.876284693	8.086827944
1832	5.875636046	8.085810024
1833	5.874079352	8.083673001
1834	5.873096919	8.082233591
1835	5.872380188	8.08123343
1836	5.871137197	8.079532953
1837	5.870385591	8.078512886
1838	5.870283614	8.078401453
1839	5.869655368	8.07748752
1840	5.868645471	8.076384357
1841	5.867812347	8.075387313
1842	5.866697932	8.073682854
1843	5.866167162	8.073010097
1844	5.865570146	8.072221694
1845	5.864955793	8.071238946
1846	5.864138082	8.070096483
1847	5.863622663	8.069281265
1848	5.862703496	8.067904747
1849	5.861219043	8.065646059
1850	5.859849305	8.063716174
1851	5.858842248	8.062263678
1852	5.857613061	8.060692767
1853	5.856775549	8.059486349
1854	5.85618701	8.058578115
1855	5.855359204	8.057416499
1856	5.853912166	8.055548723
1857	5.853133963	8.054659876
1858	5.851407223	8.052041884
1859	5.85067358	8.051134113
1860	5.849708356	8.049901452
1861	5.849062908	8.049029262
1862	5.848043441	8.047580708
1863	5.847409804	8.046888186
1864	5.846534807	8.045637451
1865	5.844989369	8.043582303
1866	5.843821595	8.042009975
1867	5.842936586	8.040760526
1868	5.842155835	8.039473725
1869	5.841442735	8.038438481
1870	5.840644233	8.037500476
1871	5.839074675	8.035397559
1872	5.838150717	8.034106512
1873	5.836209218	8.031741846
1874	5.834614678	8.029561101
1875	5.833703097	8.028305722
1876	5.832618785	8.026554812
1877	5.831006169	8.024564989
1878	5.829895536	8.022893447
1879	5.829273641	8.022117615
1880	5.828320502	8.020695893
1881	5.827559182	8.019679542
1882	5.82670151	8.018491812
1883	5.825487969	8.01689813
1884	5.825448893	8.016852106
1885	5.82389586	8.014794109
1886	5.822932401	8.013472319
1887	5.821975744	8.012126719
1888	5.82103887	8.010846735
1889	5.820030921	8.009442402
1890	5.819121632	8.008180558
1891	5.8179991	8.006414642
1892	5.816851608	8.004663562
1893	5.816339106	8.00387606
1894	5.815329694	8.002582504
1895	5.814844479	8.001851857
1896	5.813750196	8.000448242
1897	5.812672096	7.999025361
1898	5.812145835	7.998241748
1899	5.811362737	7.997387081
1900	5.810088187	7.995675032
1901	5.808892076	7.994132003
1902	5.808756909	7.993950231
1903	5.808459336	7.993431748
1904	5.807611073	7.992258881
1905	5.807252516	7.991633586
1906	5.806736867	7.990948913
1907	5.80625165	7.99012736
1908	5.805481417	7.989062861
1909	5.80370577	7.986871006
1910	5.802850274	7.985542268
1911	5.801915107	7.984290743
1912	5.801190121	7.983385755
1913	5.799917136	7.981683042
1914	5.799106505	7.980566149
1915	5.798216632	7.979476165
1916	5.797378997	7.978355657
1917	5.796741178	7.977612046
1918	5.795696224	7.976168133
1919	5.794233857	7.974325632
1920	5.793706178	7.97351524
1921	5.793112579	7.972587112
1922	5.792253067	7.971350748
1923	5.790634977	7.969448726
1924	5.790468876	7.969256918
1925	5.789551694	7.967970193
1926	5.788466745	7.966521895
1927	5.787866929	7.965729134
1928	5.786768533	7.964323694
1929	5.785956291	7.963161868
1930	5.785835586	7.963026466
1931	5.784802914	7.961543314
1932	5.783639651	7.960169798
1933	5.782924426	7.959233203
1934	5.781549095	7.957467677
1935	5.780532806	7.955933687
1936	5.779675711	7.954761629
1937	5.778799925	7.953495646
1938	5.777470038	7.951702095
1939	5.776555431	7.950507778
1940	5.775450941	7.948989695
1941	5.774687388	7.94790928
1942	5.773036855	7.94559953
1943	5.771954738	7.944280303
1944	5.771092669	7.943122003
1945	5.770319671	7.942111477
1946	5.770162222	7.941952689
1947	5.768723564	7.939893093
1948	5.768492905	7.93962803
1949	5.768339206	7.939417865
1950	5.767230674	7.937595626
1951	5.766014588	7.936080535
1952	5.765089825	7.934692726
1953	5.76386645	7.932996406
1954	5.762764679	7.931117782
1955	5.761690198	7.929620538
1956	5.760792888	7.928380445
1957	5.75989066	7.927267509
1958	5.759566228	7.926861346
1959	5.758722449	7.925656062
1960	5.758695033	7.925620726
1961	5.757550254	7.924314227
1962	5.755894115	7.922040174
1963	5.754741455	7.92027447
1964	5.754664878	7.92017458
1965	5.753293209	7.918444476
1966	5.752385272	7.917279485
1967	5.75154755	7.916064121
1968	5.750306776	7.914422426
1969	5.749188566	7.912795896
1970	5.747990849	7.911177009
1971	5.747340015	7.910393781
1972	5.746180524	7.908986095
1973	5.745420636	7.907888779
1974	5.74398654	7.905922997
1975	5.743365812	7.905055621
1976	5.742268755	7.903521446
1977	5.74132342	7.902353932
1978	5.740168517	7.900902626
1979	5.738489328	7.898633178
1980	5.73750667	7.897275771
1981	5.736961789	7.896422383
1982	5.736556131	7.895741006
1983	5.735836654	7.894728132
1984	5.734436182	7.892777735
1985	5.733875006	7.891924521
1986	5.733140253	7.890963465
1987	5.73180415	7.88910735
1988	5.731750079	7.889056045
1989	5.7310184	7.887963531
1990	5.730122826	7.886702937
1991	5.728996461	7.885172557
1992	5.727965941	7.883773806
1993	5.727033302	7.882466331
1994	5.7261585	7.881236522
1995	5.725677088	7.880500266
1996	5.724833144	7.87928573
1997	5.723575423	7.877669408
1998	5.722315977	7.876067928
1999	5.721312514	7.874651087
2000	5.720061213	7.872939565
2001	5.719171124	7.871540681
2002	5.719016824	7.871301923
2003	5.718472753	7.870565247
2004	5.716964451	7.868767547
2005	5.715952404	7.867190598
2006	5.714596422	7.864964521
2007	5.713805822	7.863804349
2008	5.712788476	7.862441871
2009	5.711427098	7.860699466
2010	5.71134786	7.860467829
2011	5.710839842	7.85969405
2012	5.710521468	7.859219837
2013	5.709595373	7.858068936
2014	5.709047393	7.857366051
2015	5.707635955	7.855541798
2016	5.706976693	7.854722175
2017	5.705771126	7.853208862
2018	5.704546287	7.851393416
2019	5.703316848	7.849683205
2020	5.702397981	7.848378507
2021	5.701860951	7.847612001
2022	5.700772789	7.8461382
2023	5.700389496	7.845624981
2024	5.69970692	7.844498393
2025	5.699170861	7.843782606
2026	5.698044862	7.842162871
2027	5.697924182	7.842005652
2028	5.696757434	7.840362172
2029	5.69610944	7.839390368
2030	5.695038694	7.837956969
2031	5.693952476	7.836398071
2032	5.692577216	7.834658057
2033	5.691971026	7.833759268
2034	5.690773523	7.83214258
2035	5.690613396	7.831803009
2036	5.689597466	7.830281828
2037	5.688985879	7.829336192
2038	5.688059812	7.827851227
2039	5.68680247	7.826362146
2040	5.686685962	7.826146132
2041	5.685486651	7.824335198
2042	5.684031898	7.822096019
2043	5.683206448	7.82098852
2044	5.683194379	7.820978245
2045	5.681907855	7.819297862
2046	5.680871721	7.817874017
2047	5.680029857	7.816822473
2048	5.679057271	7.815513202
2049	5.678419888	7.814623803
2050	5.67828982	7.814460001
2051	5.677394861	7.813239902
2052	5.676955794	7.812604507
2053	5.676315344	7.811809002
2054	5.675306012	7.810569209
2055	5.674475606	7.809462053
2056	5.673456413	7.808175199
2057	5.672747946	7.807038651
2058	5.671932706	7.806022579
2059	5.671649009	7.805698326
2060	5.670639145	7.804312981
2061	5.669054439	7.802143479
2062	5.668458779	7.801315503
2063	5.667557205	7.800140206
2064	5.666606417	7.798843778
2065	5.66581625	7.797801196
2066	5.664964077	7.796635179
2067	5.664096664	7.795279914
2068	5.66295192	7.793602851
2069	5.662199377	7.792623305
2070	5.66144721	7.791643566
2071	5.66034426	7.790207406
2072	5.65899351	7.788698985
2073	5.658181626	7.78757769
2074	5.657487701	7.786566933
2075	5.656237406	7.784789765
2076	5.655509577	7.783853867
2077	5.654740534	7.78266223
2078	5.654051723	7.78151477
2079	5.653690536	7.780979256
2080	5.653130638	7.780115986
2081	5.653098309	7.780075566
2082	5.652182839	7.778815337
2083	5.651229729	7.777415991
2084	5.650230178	7.776167118
2085	5.649686081	7.775286604
2086	5.648767138	7.774080385
2087	5.64845319	7.773695491
2088	5.647496016	7.772329082
2089	5.645965104	7.770284414
2090	5.644516413	7.768559414
2091	5.643575991	7.767234747
2092	5.642909447	7.766293741
2093	5.642419266	7.765451357
2094	5.641548745	7.764237103
2095	5.640932501	7.763438402
2096	5.6400364	7.762256074
2097	5.639937019	7.762082196
2098	5.639181191	7.760979729
2099	5.638564084	7.760031386
2100	5.638109266	7.759367681
2101	5.636736442	7.757670388
2102	5.635726259	7.756503846
2103	5.635128998	7.755638268
2104	5.633645272	7.753706569
2105	5.632913648	7.752723765
2106	5.631876337	7.751176222
2107	5.631059423	7.750114662
2108	5.630421728	7.749352879
2109	5.629542741	7.748308343
2110	5.628734975	7.747134683
2111	5.62780457	7.746050438
2112	5.62663378	7.744439845
2113	5.625534752	7.742761929
2114	5.624715153	7.741512087
2115	5.623562057	7.740110339
2116	5.622802812	7.739006622
2117	5.622230332	7.738071568
2118	5.62147403	7.737052009
2119	5.620929731	7.736255597
2120	5.61998793	7.734989038
2121	5.619040818	7.733536748
2122	5.618194603	7.73243703
2123	5.617045844	7.730648221
2124	5.616022609	7.729117402
2125	5.61530166	7.728120581
2126	5.614889951	7.727567869
2127	5.614845963	7.727497044
2128	5.613721589	7.726009486
2129	5.612873819	7.725071696
2130	5.612099226	7.724054767
2131	5.611698703	7.723353446
2132	5.61044697	7.721717579
2133	5.609808479	7.72089874
2134	5.608680444	7.719446963
2135	5.607220413	7.717444496
2136	5.60583724	7.715412989
2137	5.60538285	7.714821763
2138	5.604758511	7.714078778
2139	5.604158755	7.713210786
2140	5.603494423	7.712390458
2141	5.602363087	7.710904865
2142	5.601992297	7.710414214
2143	5.600556729	7.708518416
2144	5.599431715	7.706902058
2145	5.598840878	7.706214307
2146	5.598754009	7.706035616
2147	5.598744734	7.706028261
2148	5.597839485	7.704835479
2149	5.596292433	7.702765386
2150	5.59575469	7.702030782
2151	5.594821182	7.700662443
2152	5.593801348	7.699503228
2153	5.593314753	7.698758232
2154	5.592695969	7.697965683
2155	5.592599691	7.697862417
2156	5.591668626	7.696774704
2157	5.590439136	7.695152839
2158	5.590336544	7.695031869
2159	5.58918522	7.693734447
2160	5.588290898	7.692624569
2161	5.587830819	7.691976294
2162	5.58758202	7.69161317
2163	5.58722645	7.691001861
2164	5.586278779	7.689555754
2165	5.585765571	7.688824664
2166	5.585097316	7.687855821
2167	5.584102694	7.686407117
2168	5.583391769	7.685600928
2169	5.582256928	7.684020389
2170	5.581168926	7.682630919
2171	5.579881508	7.680734281
2172	5.578983234	7.679613864
2173	5.577724583	7.678032567
2174	5.576916778	7.676854081
2175	5.576366782	7.676037297
2176	5.575567193	7.674930473
2177	5.574646268	7.673581943
2178	5.57344294	7.672341184
2179	5.57284671	7.67155001
2180	5.572184389	7.67072582
2181	5.571038884	7.669151229
2182	5.569729938	7.667497386
2183	5.569195841	7.666673474
2184	5.568997228	7.666461955
2185	5.568226126	7.665540799
2186	5.567705674	7.664761621
2187	5.567109181	7.664047604
2188	5.566360857	7.663059733
2189	5.565194021	7.661531525
2190	5.564649179	7.660751048
2191	5.564468638	7.66053684
2192	5.563806849	7.659535596
2193	5.56240779	7.657787567
2194	5.561524857	7.656610537
2195	5.560465588	7.655203259
2196	5.559314189	7.653794051
2197	5.558430348	7.652625636
2198	5.557380951	7.651108095
2199	5.556365249	7.649500915
2200	5.555369977	7.648233204
2201	5.553972485	7.646580945
2202	5.553505591	7.645804161
2203	5.552582773	7.644419752
2204	5.551633622	7.643021278
2205	5.550965964	7.642183351
2206	5.550331988	7.641443773
2207	5.54967449	7.640620508
2208	5.549399316	7.640027204
2209	5.548731304	7.639086585
2210	5.54820261	7.638308438
2211	5.547124059	7.636804601
2212	5.546411869	7.635855271
2213	5.545771849	7.635011435
2214	5.545760854	7.635003498
2215	5.54508625	7.634081264
2216	5.54404997	7.632453989
2217	5.543020597	7.63095189
2218	5.542672563	7.6305499
2219	5.542130886	7.62977654
2220	5.541200841	7.628459062
2221	5.540574493	7.627666817
2222	5.539631434	7.626413721
2223	5.538964114	7.625371766
2224	5.53822275	7.624492793
2225	5.53738821	7.623377302
2226	5.536566499	7.622468449
2227	5.535658007	7.621270938
2228	5.535020947	7.620228926
2229	5.53445021	7.619515564
2230	5.533620368	7.618514142
2231	5.533189226	7.617958683
2232	5.532438053	7.617042594
2233	5.531821518	7.616290794
2234	5.530646021	7.61478224
2235	5.529814405	7.613594378
2236	5.528775146	7.612281719
2237	5.52793153	7.611009286
2238	5.527290528	7.610230781
2239	5.526725764	7.60945202
2240	5.525674425	7.608131001
2241	5.524520101	7.606419628
2242	5.523458253	7.604787163
2243	5.522676027	7.603683866
2244	5.52127186	7.601864734
2245	5.520665723	7.600978224
2246	5.519832322	7.599969412
2247	5.519292869	7.599242585
2248	5.518307302	7.59777071
2249	5.516577067	7.595447204
2250	5.515498047	7.593974229
2251	5.514249912	7.592162263
2252	5.513944531	7.591682288
2253	5.513629666	7.591313877
2254	5.512915603	7.590409518
2255	5.511690442	7.588601
2256	5.510634018	7.587249162
2257	5.510107736	7.586575393
2258	5.509382583	7.585645675
2259	5.508215501	7.584366201
2260	5.507605569	7.583559476
2261	5.506494122	7.581882542
2262	5.505856149	7.580871322
2263	5.505048535	7.579696001
2264	5.504395635	7.578822604
2265	5.503819034	7.577962009
2266	5.503154465	7.57707283
2267	5.502490009	7.576112532
2268	5.501587532	7.574968234
2269	5.500357803	7.573420251
2270	5.49950148	7.572092192
2271	5.498832781	7.571094884
2272	5.497754799	7.569743861
2273	5.496730195	7.568254992
2274	5.496118249	7.567385265
2275	5.495365654	7.566364849
2276	5.494195386	7.56467101
2277	5.493824671	7.564167119
2278	5.49318727	7.56325627
2279	5.492394193	7.562165652
2280	5.491475799	7.560652698
2281	5.490956514	7.559859255
2282	5.490892472	7.559712859
2283	5.490572296	7.559145185
2284	5.489823307	7.558214078
2285	5.489240519	7.557581601
2286	5.488258607	7.556125528
2287	5.487468366	7.555080374
2288	5.487209257	7.554749871
2289	5.486497492	7.5538389
2290	5.485427745	7.552421084
2291	5.48459931	7.551328218
2292	5.483550131	7.549884678
2293	5.48348886	7.54980194
2294	5.481991399	7.54797885
2295	5.481328259	7.546899161
2296	5.480576653	7.545615741
2297	5.479553889	7.544260515
2298	5.478387686	7.54248754
2299	5.478300779	7.542325297
2300	5.477407444	7.541015524
2301	5.476495484	7.539793547
2302	5.475279466	7.538073705
2303	5.474320237	7.536748515
2304	5.473418092	7.535499243
2305	5.472637685	7.534571108
2306	5.472284143	7.533937378
2307	5.47171073	7.533179777
2308	5.471170684	7.532582534
2309	5.471007517	7.532344385
2310	5.470045819	7.530987334
2311	5.469493494	7.530218011
2312	5.468590381	7.529017753
2313	5.467360692	7.527293286
2314	5.466508969	7.526110177
2315	5.46589323	7.525087859
2316	5.465087015	7.523873937
2317	5.464172652	7.522431923
2318	5.463349006	7.521491384
2319	5.462740581	7.520542405
2320	5.46232459	7.519907952
2321	5.461500689	7.518631958
2322	5.460273045	7.516823488
2323	5.459280406	7.515407188
2324	5.45839746	7.514189385
2325	5.457472116	7.512787372
2326	5.456701628	7.511564482
2327	5.455950223	7.510628943
2328	5.454686387	7.508743424
2329	5.45408393	7.508046743
2330	5.45322501	7.506765612
2331	5.452770329	7.506270969
2332	5.452045009	7.505165898
2333	5.451739852	7.504531466
2334	5.450440375	7.502852458
2335	5.450244377	7.502433386
2336	5.449274334	7.501087835
2337	5.448107849	7.499499234
2338	5.446685862	7.497696705
2339	5.445451338	7.495974623
2340	5.445445251	7.495968979
2341	5.444504628	7.494607793
2342	5.443348177	7.493184615
2343	5.442292409	7.491684393
2344	5.442237428	7.491637813
2345	5.441629921	7.490795274
2346	5.440576944	7.489408471
2347	5.440494542	7.489268286
2348	5.439325208	7.487849359
2349	5.438530584	7.486685371
2350	5.437831725	7.485688267
2351	5.43679048	7.484306784
2352	5.436229248	7.483549775
2353	5.435293347	7.482094534
2354	5.434096048	7.480685663
2355	5.433195317	7.479441519
2356	5.433054506	7.479136993
2357	5.432532309	7.478417642
2358	5.431859052	7.477347063
2359	5.431145657	7.476341276
2360	5.429987399	7.474662623
2361	5.429134627	7.473517037
2362	5.428668868	7.472910032
2363	5.427733748	7.471751237
2364	5.426798893	7.470229548
2365	5.425941212	7.468978721
2366	5.424399971	7.46706278
2367	5.423588618	7.465980663
2368	5.422299698	7.464244317
2369	5.42145726	7.463070216
2370	5.42074929	7.46210521
2371	5.419691052	7.460651683
2372	5.418880236	7.459454817
2373	5.417937138	7.458184153
2374	5.41725738	7.457226033
2375	5.416541102	7.456088611
2376	5.415237818	7.454341328
2377	5.41349569	7.452332254
2378	5.412629345	7.451168913
2379	5.411708233	7.449899881
2380	5.410512726	7.448237331
2381	5.409801202	7.447458006
2382	5.409123422	7.446576526
2383	5.408397217	7.44550942
2384	5.407686052	7.444746914
2385	5.406862052	7.443411186
2386	5.406032649	7.442245981
2387	5.405266313	7.441150735
2388	5.404734192	7.440526841
2389	5.404047539	7.439448158
2390	5.403136873	7.438212435
2391	5.402001543	7.436619818
2392	5.400738944	7.434933418
2393	5.39978954	7.433570776
2394	5.399009528	7.432384081
2395	5.397876147	7.430801757
2396	5.397048855	7.429780975
2397	5.396840748	7.429357831
2398	5.396103117	7.428247785
2399	5.39600054	7.428013874
2400	5.395102691	7.426602104
2401	5.394332108	7.425566208
2402	5.393135462	7.423772731
2403	5.392853815	7.423399913
2404	5.39221652	7.422514105
2405	5.392164883	7.422455806
2406	5.391479892	7.421432353
2407	5.390068763	7.419529796
2408	5.389184124	7.418420054
2409	5.388355181	7.417372113
2410	5.387942988	7.416684143
2411	5.386740263	7.414824593
2412	5.38578792	7.413503122
2413	5.384972536	7.412328695
2414	5.383890131	7.410938874
2415	5.383312757	7.410151041
2416	5.382989542	7.409763318
2417	5.382109531	7.408626162
2418	5.381200081	7.407625128
2419	5.380457917	7.406692584
2420	5.379687292	7.405635528
2421	5.379379189	7.405184231
2422	5.378828296	7.404369773
2423	5.378323133	7.403531199
2424	5.376968737	7.401755156
2425	5.375818483	7.400154771
2426	5.374551976	7.398108046
2427	5.373930178	7.397014814
2428	5.372707142	7.395379282
2429	5.372241682	7.394728879
2430	5.371632759	7.39385224
2431	5.37086706	7.392833696
2432	5.37008526	7.391629827
2433	5.368855015	7.389997945
2434	5.368157179	7.388901153
2435	5.367420349	7.387824992
2436	5.366411874	7.386365234
2437	5.365368627	7.385031917
2438	5.364430836	7.383929793
2439	5.363719634	7.382899028
2440	5.362848199	7.381645492
2441	5.362239176	7.380741427
2442	5.36171693	7.379846679
2443	5.361109954	7.379152796
2444	5.359964635	7.377706051
2445	5.35923819	7.376664981
2446	5.358403247	7.375503256
2447	5.358174506	7.375260986
2448	5.357076004	7.373716163
2449	5.356514053	7.372938395
2450	5.355171875	7.371245137
2451	5.354457784	7.370383672
2452	5.353780224	7.369308016
2453	5.352775308	7.367902502
2454	5.351802235	7.366533792
2455	5.351181749	7.36572776
2456	5.351175558	7.365721901
2457	5.350557899	7.364968262
2458	5.349423551	7.363487379
2459	5.34903341	7.362837186
2460	5.348033528	7.361508265
2461	5.347445591	7.360807985
2462	5.346833795	7.359882312
2463	5.345857018	7.358511489
2464	5.345137654	7.357461678
2465	5.344280418	7.356330733
2466	5.343489539	7.355086004
2467	5.342932554	7.354453661
2468	5.341693294	7.352893737
2469	5.340732207	7.351639983
2470	5.339829304	7.350342089
2471	5.339057147	7.349412744
2472	5.337914853	7.347813848
2473	5.336993674	7.346549737
2474	5.336115168	7.345233992
2475	5.335503519	7.344385817
2476	5.33477609	7.34333727
2477	5.333950181	7.342210781
2478	5.333064554	7.34099644
2479	5.332262335	7.33992536
2480	5.332026145	7.339616099
2481	5.331341237	7.338758867
2482	5.330452481	7.337373477
2483	5.329760525	7.336327484
2484	5.328796659	7.335015217
2485	5.328337647	7.334409478
2486	5.327389601	7.33326806
2487	5.326907943	7.33254426
2488	5.326199776	7.331646457
2489	5.325354844	7.330536089
2490	5.324124209	7.328789885
2491	5.323057244	7.327071927
2492	5.322663055	7.326633947
2493	5.321688963	7.32523572
2494	5.320709068	7.323944303
2495	5.320082957	7.323077218
2496	5.319303943	7.322146587
2497	5.318715718	7.321333371
2498	5.318018459	7.320546309
2499	5.317382367	7.319583505
2500	5.316711441	7.318762672
2501	5.316133818	7.318050841
2502	5.315367126	7.316917297
2503	5.314455029	7.315771724
2504	5.313391094	7.314594569
2505	5.312961341	7.31396101
2506	5.312168614	7.312922735
2507	5.311662879	7.312204667
2508	5.31084907	7.310963032
2509	5.3096493	7.30927475
2510	5.3087509	7.307939807
2511	5.307672894	7.306448202
2512	5.3071266	7.305563557
2513	5.306315112	7.304355528
2514	5.305765576	7.303713239
2515	5.305078553	7.302528639
2516	5.304388475	7.30150952
2517	5.303486259	7.300140071
2518	5.302623595	7.298953663
2519	5.301751112	7.297726543
2520	5.301501057	7.297312538
2521	5.300398766	7.295889105
2522	5.299556343	7.294640335
2523	5.299101279	7.293940749
2524	5.29842154	7.293110454
2525	5.297761163	7.29211845
2526	5.296693804	7.290614872
2527	5.295741233	7.289321426
2528	5.295196056	7.288497198
2529	5.294621224	7.287717089
2530	5.293912546	7.286783037
2531	5.292888245	7.285367193
2532	5.291708217	7.283753169
2533	5.290723336	7.282485201
2534	5.289804951	7.281184595
2535	5.289376303	7.280486189
2536	5.288382929	7.279182579
2537	5.287990288	7.278436935
2538	5.287216837	7.277202535
2539	5.286103344	7.275755432
2540	5.285307657	7.27479371
2541	5.28435914	7.273589816
2542	5.283758529	7.272753135
2543	5.283152181	7.272056958
2544	5.282360833	7.271035353
2545	5.281763579	7.270113566
2546	5.281075329	7.269381895
2547	5.280346801	7.268380165
2548	5.279513407	7.267312746
2549	5.278482194	7.26597735
2550	5.277408524	7.264621473
2551	5.276562952	7.263192729
2552	5.27601872	7.262479651
2553	5.275080105	7.261192737
2554	5.273974168	7.259824749
2555	5.27342042	7.259147386
2556	5.272706406	7.258258625
2557	5.271769718	7.257086114
2558	5.271162843	7.256238245
2559	5.27064814	7.2555203
2560	5.269854085	7.254541382
2561	5.268892076	7.25324244
2562	5.268136725	7.252402795
2563	5.267992743	7.25214191
2564	5.267015417	7.250884328
2565	5.266333246	7.249892538
2566	5.265390917	7.248578575
2567	5.264602392	7.247509482
2568	5.264072176	7.246816854
2569	5.263621141	7.246090285
2570	5.263276165	7.245610333
2571	5.262550856	7.244638774
2572	5.261739567	7.243809385
2573	5.261270495	7.243107688
2574	5.260954846	7.242700792
2575	5.260472204	7.242122981
2576	5.259883377	7.241120416
2577	5.25919537	7.240252518
2578	5.259106587	7.240094139
2579	5.25879033	7.239544931
2580	5.257828907	7.238205805
2581	5.257600456	7.23793186
2582	5.256652675	7.23672543
2583	5.255808012	7.235617743
2584	5.255090698	7.234672943
2585	5.254631156	7.23400906
2586	5.25390684	7.23312046
2587	5.253114292	7.231966708
2588	5.252379595	7.230954183
2589	5.251582192	7.229950252
2590	5.250857417	7.22902971
2591	5.250279158	7.228314396
2592	5.249812447	7.227632652
2593	5.249235992	7.226813478
2594	5.247799409	7.225152687
2595	5.247122816	7.224237871
2596	5.247082414	7.224137787
2597	5.246382584	7.223152109
2598	5.245621526	7.22203324
2599	5.244624236	7.220563465
2600	5.243846695	7.219554175
2601	5.242947807	7.218149575
2602	5.242310897	7.217244009
2603	5.241745206	7.21634009
2604	5.240265425	7.214357148
2605	5.239951075	7.213883621
2606	5.239032672	7.21255202
2607	5.238573128	7.211912126
2608	5.23806382	7.211358471
2609	5.237636266	7.210854418
2610	5.236803972	7.20951595
2611	5.236088088	7.208585835
2612	5.235441008	7.207728089
2613	5.23450204	7.206434897
2614	5.233597621	7.205100875
2615	5.232478233	7.203610635
2616	5.231446316	7.202256687
2617	5.230792516	7.201348313
2618	5.229841894	7.200159717
2619	5.229309762	7.199463272
2620	5.228776311	7.198696773
2621	5.228514213	7.198326433
2622	5.228174423	7.197950611
2623	5.227261473	7.196624823
2624	5.226131888	7.194995461
2625	5.225964055	7.194743487
2626	5.225402112	7.193976226
2627	5.225069438	7.193461807
2628	5.223876685	7.191961783
2629	5.222904875	7.19069989
2630	5.222126779	7.18970741
2631	5.221682382	7.188937066
2632	5.220698318	7.187477424
2633	5.219757966	7.18628009
2634	5.21899703	7.185313609
2635	5.218122177	7.184217886
2636	5.216974234	7.182617187
2637	5.216027554	7.181456119
2638	5.215324713	7.180612655
2639	5.214398378	7.179350621
2640	5.21374639	7.178549656
2641	5.212863708	7.177285678
2642	5.212652349	7.177027778
2643	5.211746069	7.175819918
2644	5.211062926	7.174906756
2645	5.210512516	7.174222323
2646	5.209670047	7.173155736
2647	5.209142827	7.172516139
2648	5.208356143	7.171475927
2649	5.206928974	7.169543661
2650	5.206058205	7.168304668
2651	5.205413945	7.167423337
2652	5.204621502	7.166332019
2653	5.203981025	7.165489608
2654	5.203585558	7.164968171
2655	5.203009058	7.164041381
2656	5.202103599	7.162877666
2657	5.20160767	7.162102282
2658	5.201041376	7.161267158
2659	5.200244962	7.159950845
2660	5.199672387	7.159221605
2661	5.19909004	7.158311748
2662	5.198488195	7.157525516
2663	5.197844044	7.156493122
2664	5.197694956	7.156343231
2665	5.196975306	7.15521589
2666	5.196445877	7.154401953
2667	5.195505224	7.153166756
2668	5.194796213	7.152153598
2669	5.193997491	7.150873498
2670	5.193200484	7.149758747
2671	5.192665993	7.14905866
2672	5.191614575	7.147610247
2673	5.19128166	7.147117509
2674	5.190638099	7.14627813
2675	5.190004556	7.145368706
2676	5.189609322	7.144816531
2677	5.188803134	7.143603341
2678	5.188224355	7.142753619
2679	5.1876122	7.14173381
2680	5.187082904	7.140811743
2681	5.186949881	7.140659572
2682	5.185568923	7.138760575
2683	5.185065098	7.138085409
2684	5.184515831	7.137198081
2685	5.1834926	7.135798843
2686	5.182099523	7.134127734
2687	5.181402237	7.133216163
2688	5.180295908	7.131785861
2689	5.17932093	7.130693592
2690	5.178513367	7.129727086
2691	5.177953163	7.128959039
2692	5.177047198	7.127528349
2693	5.175873915	7.125834223
2694	5.174942134	7.124466342
2695	5.1739881	7.123154337
2696	5.173325768	7.122106923
2697	5.172760733	7.121399294
2698	5.172186047	7.120682601
2699	5.171331571	7.119257099
2700	5.170640901	7.118244427
2701	5.169706125	7.116916521
2702	5.16839805	7.115248844
2703	5.167184439	7.113747632
2704	5.166230238	7.112532391
2705	5.165766268	7.111908092
2706	5.164986196	7.110888823
2707	5.163819268	7.109299536
2708	5.163150842	7.10843071
2709	5.162366446	7.107394345
2710	5.161781148	7.106363463
2711	5.16094466	7.105247596
2712	5.160325286	7.104481983
2713	5.159688513	7.103487979
2714	5.159135575	7.102737381
2715	5.158350962	7.10168704
2716	5.157380026	7.100399667
2717	5.156706536	7.099353369
2718	5.155957871	7.098220191
2719	5.155019348	7.096839826
2720	5.153602643	7.094951026
2721	5.152725912	7.093563894
2722	5.151907995	7.092642614
2723	5.150772752	7.090977028
2724	5.150231613	7.090247684
2725	5.149522907	7.089327649
2726	5.149016953	7.088610416
2727	5.148197903	7.087534749
2728	5.146984253	7.085949286
2729	5.146226954	7.084996547
2730	5.14535709	7.083907869
2731	5.144609045	7.082816058
2732	5.143992998	7.082049299
2733	5.143000675	7.080833808
2734	5.142160303	7.079649801
2735	5.141844219	7.079177722
2736	5.141238362	7.078252475
2737	5.140306196	7.076931716
2738	5.139601904	7.075914404
2739	5.139081166	7.075156876
2740	5.138412584	7.07413911
2741	5.137823106	7.073293506
2742	5.136968029	7.072022337
2743	5.136129314	7.070860988
2744	5.135473843	7.069911277
2745	5.134825654	7.068974352
2746	5.134470606	7.068393866
2747	5.1340351	7.06776973
2748	5.133416808	7.067005034
2749	5.132436141	7.06579644
2750	5.131994957	7.065131239
2751	5.131261677	7.064094383
2752	5.130630863	7.063227733
2753	5.129778015	7.062036953
2754	5.128934981	7.060978409
2755	5.127543022	7.0590448
2756	5.126947994	7.058107594
2757	5.126357594	7.057357099
2758	5.125630829	7.056526367
2759	5.125102543	7.055572225
2760	5.124435783	7.054783549
2761	5.123648128	7.053702357
2762	5.123026634	7.05290727
2763	5.122001122	7.051537341
2764	5.121233497	7.050347357
2765	5.120306676	7.049107794
2766	5.119654457	7.048115498
2767	5.119182808	7.047426231
2768	5.118773411	7.046937533
2769	5.118073416	7.045928085
2770	5.117422718	7.045095557
2771	5.116538095	7.043930224
2772	5.115699774	7.043014942
2773	5.114765988	7.041686116
2774	5.113753803	7.040392295
2775	5.112842972	7.039093994
2776	5.112194618	7.038292
2777	5.111648317	7.037681664
2778	5.111151259	7.037030052
2779	5.110716025	7.036353641
2780	5.110241987	7.035747491
2781	5.109050408	7.034171261
2782	5.108152955	7.033032228
2783	5.107564118	7.032086523
2784	5.107226498	7.031550613
2785	5.106467978	7.030512591
2786	5.105178715	7.028896506
2787	5.104440011	7.027815725
2788	5.103676043	7.026587848
2789	5.103241908	7.025914843
2790	5.102505771	7.024806383
2791	5.102120496	7.024220388
2792	5.101385568	7.023254552
2793	5.101005601	7.022593404
2794	5.100557991	7.021974479
2795	5.100209486	7.021491363
2796	5.09952024	7.020683317
2797	5.098603474	7.019392067
2798	5.097998565	7.018484426
2799	5.09703379	7.017430055
2800	5.096631016	7.01670256
2801	5.095369107	7.015137065
2802	5.094477524	7.014017225
2803	5.093655509	7.012859114
2804	5.092614728	7.01148637
2805	5.091905992	7.010432303
2806	5.091072264	7.009374431
2807	5.090109854	7.008026903
2808	5.089692396	7.007443192
2809	5.088678486	7.006110823
2810	5.087841118	7.004865518
2811	5.087083266	7.003800559
2812	5.0860076	7.002232127
2813	5.085227242	7.001124155
2814	5.084273742	6.999895106
2815	5.083921097	6.99939747
2816	5.082685689	6.997756162
2817	5.082021844	6.996854198
2818	5.081541508	6.996219269
2819	5.081214715	6.995771706
2820	5.080692602	6.994813091
2821	5.080188237	6.994061076
2822	5.079118947	6.992594281
2823	5.078416493	6.991634708
2824	5.078043092	6.991110728
2825	5.077488737	6.990452983
2826	5.076296084	6.988863803
2827	5.075627865	6.987854798
2828	5.074863242	6.986854388
2829	5.073745868	6.985263821
2830	5.073134511	6.98457143
2831	5.072641993	6.983879327
2832	5.07193476	6.982933206
2833	5.071213348	6.981821243
2834	5.070686749	6.981017103
2835	5.069881359	6.979978226
2836	5.069046325	6.978975985
2837	5.068220519	6.977927289
2838	5.067195932	6.976558742
2839	5.066674019	6.975925148
2840	5.066147411	6.975343009
2841	5.065577161	6.974455013
2842	5.065024367	6.973703045
2843	5.064454746	6.972888488
2844	5.06332343	6.971330672
2845	5.062517539	6.970142016
2846	5.06180715	6.969149819
2847	5.061008107	6.968010632
2848	5.060310657	6.967164149
2849	5.059894108	6.966481091
2850	5.059176482	6.965482724
2851	5.058628674	6.964728171
2852	5.057668996	6.963377362
2853	5.05671284	6.962114394
2854	5.055736993	6.960594093
2855	5.054784924	6.959504835
2856	5.053973812	6.958496223
2857	5.053417592	6.957758302
2858	5.052884422	6.95698503
2859	5.052404287	6.956376118
2860	5.051660336	6.955306905
2861	5.051070228	6.954446338
2862	5.05037848	6.953478119
2863	5.049574644	6.952385334
2864	5.048331122	6.950865622
2865	5.047586165	6.94981558
2866	5.046787876	6.948503742
2867	5.046146948	6.947698409
2868	5.045327859	6.946621202
2869	5.044725677	6.945864659
2870	5.044052994	6.944870965
2871	5.043573888	6.944173727
2872	5.043110895	6.943594654
2873	5.042423781	6.942605272
2874	5.041741948	6.941720581
2875	5.04063058	6.940093449
2876	5.039722765	6.938817654
2877	5.039010283	6.937765922
2878	5.038364478	6.936825031
2879	5.037588324	6.935701493
2880	5.037202756	6.935089664
2881	5.036174889	6.933758436
2882	5.035472434	6.932677046
2883	5.034728709	6.931676195
2884	5.034109893	6.930612768
2885	5.033497334	6.929860995
2886	5.033258562	6.929521749
2887	5.032700609	6.928730213
2888	5.031712485	6.927361705
2889	5.03116432	6.926518153
2890	5.030498455	6.925572201
2891	5.030490056	6.925567484
2892	5.03011162	6.925035239
2893	5.029529273	6.924233363
2894	5.028938065	6.92343937
2895	5.027934219	6.922249519
2896	5.027354361	6.921547421
2897	5.026529917	6.920444986
2898	5.026497296	6.920378101
2899	5.026011515	6.919549057
2900	5.025554802	6.918837035
2901	5.024903191	6.917963288
2902	5.024190132	6.916919787
2903	5.023382609	6.915937361
2904	5.022585437	6.91500042
2905	5.021834187	6.914110353
2906	5.021444125	6.913560551
2907	5.020383222	6.912209195
2908	5.019576967	6.911201403
2909	5.018773159	6.910222342
2910	5.018449465	6.909785215
2911	5.017729715	6.90870283
2912	5.01739932	6.908162992
2913	5.016796251	6.90728334
2914	5.015850259	6.906140122
2915	5.014919344	6.904871214
2916	5.014345035	6.904121668
2917	5.014338906	6.904117475
2918	5.013841691	6.903358097
2919	5.013316794	6.902536311
2920	5.012771189	6.901746754
2921	5.012183814	6.900799519
2922	5.011296224	6.899549412
2923	5.010648375	6.898524722
2924	5.009998396	6.897782613
2925	5.009759474	6.897428484
2926	5.009474763	6.89701639
2927	5.009094377	6.896490509
2928	5.00841104	6.895512967
2929	5.007793505	6.894630595
2930	5.007153753	6.89368178
2931	5.006815339	6.893150906
2932	5.006295659	6.892575187
2933	5.005007696	6.891070224
2934	5.004288546	6.889930384
2935	5.003723063	6.889216443
2936	5.003021361	6.888066717
2937	5.002536525	6.887456316
2938	5.001813159	6.886388558
2939	5.001251082	6.885644755
2940	5.000509492	6.884493679
2941	5.000031343	6.883834758
2942	4.999787949	6.883439815
2943	4.999175136	6.882617908
2944	4.998744864	6.881914448
2945	4.998078709	6.881094982
2946	4.997774387	6.880637152
2947	4.997161241	6.879646127
2948	4.996504158	6.878639841
2949	4.99564238	6.877303173
2950	4.994803865	6.876122051
2951	4.994537361	6.875773789
2952	4.993532218	6.874319349
2953	4.993055725	6.873753382
2954	4.992665895	6.873167035
2955	4.991737486	6.871863401
2956	4.991513974	6.871536837
2957	4.99072503	6.870604897
2958	4.990160988	6.869847819
2959	4.989626273	6.869080225
2960	4.988939591	6.867974954
2961	4.988666725	6.867562224
2962	4.987841871	6.866451747
2963	4.987206226	6.86568419
2964	4.986497749	6.864684805
2965	4.986009151	6.863913776
2966	4.984983803	6.862503898
2967	4.984290787	6.861555125
2968	4.983066881	6.859824993
2969	4.982273008	6.858754065
2970	4.981588392	6.857890849
2971	4.980670916	6.856585959
2972	4.979882222	6.855494439
2973	4.979041623	6.854378653
2974	4.978347427	6.853396505
2975	4.977734493	6.852618366
2976	4.97713441	6.851824917
2977	4.976357342	6.850684518
2978	4.975248731	6.849215916
2979	4.974110453	6.847780013
2980	4.973475239	6.8470227
2981	4.97300992	6.846240659
2982	4.972524247	6.845540933
2983	4.971903313	6.844583086
2984	4.971046089	6.843575702
2985	4.970533056	6.842657135
2986	4.969962867	6.8419353
2987	4.96931734	6.840813067
2988	4.968370125	6.839347687
2989	4.968006573	6.838881198
2990	4.967499253	6.838244077
2991	4.967038891	6.837512989
2992	4.966725395	6.836891753
2993	4.966017319	6.835888436
2994	4.965403047	6.835100078
2995	4.964695095	6.834119012
2996	4.964002176	6.833173293
2997	4.963578924	6.832634732
2998	4.963060392	6.832013355
2999	4.962442228	6.831158836
3000	4.961742406	6.83027034
3001	4.96093786	6.828954739
3002	4.960247918	6.828185545
3003	4.959423508	6.826907089
3004	4.958734883	6.825876896
3005	4.957966141	6.824843839
3006	4.957044621	6.823576544
3007	4.956654716	6.823070465
3008	4.956285982	6.822539821
3009	4.955696648	6.821635133
3010	4.955689351	6.821544845
3011	4.955071491	6.820848611
3012	4.954449196	6.819988418
3013	4.954330384	6.819813972
3014	4.953624005	6.818759621
3015	4.953241214	6.81822036
3016	4.952610232	6.817478891
3017	4.952104754	6.816782234
3018	4.951903525	6.816468115
3019	4.951895445	6.816462812
3020	4.95128117	6.815534106
3021	4.950775779	6.814883339
3022	4.950210397	6.814238282
3023	4.949508807	6.813043911
3024	4.948936583	6.812195441
3025	4.948378241	6.811285868
3026	4.947824073	6.810523162
3027	4.94735555	6.809691931
3028	4.947119302	6.809412939
3029	4.946620645	6.808503751
3030	4.946012033	6.807726288
3031	4.945301837	6.806776492
3032	4.944671837	6.805917697
3033	4.944188545	6.805271889
3034	4.943407973	6.80417578
3035	4.942688335	6.803265342
3036	4.941988136	6.802398297
3037	4.9411833	6.8013236
3038	4.940568165	6.8006431
3039	4.939925266	6.7998193
3040	4.939373929	6.798960674
3041	4.938226565	6.797558642
3042	4.937839676	6.79706546
3043	4.937388082	6.796483734
3044	4.936749548	6.795535153
3045	4.93600385	6.794431305
3046	4.935532254	6.793855299
3047	4.934922374	6.792977427
3048	4.934217862	6.792013968
3049	4.93331836	6.790753456
3050	4.932620684	6.789785659
3051	4.932241355	6.789234108
3052	4.931363622	6.787859943
3053	4.930459438	6.786469015
3054	4.929985375	6.785706485
3055	4.929979075	6.785702285
3056	4.929463356	6.784863124
3057	4.928631984	6.78374758
3058	4.92793004	6.782784267
3059	4.927013901	6.781608617
3060	4.926382203	6.780731188
3061	4.925861615	6.780062403
3062	4.92504935	6.778991857
3063	4.924630267	6.778349477
3064	4.924021953	6.777459308
3065	4.922994327	6.776063144
3066	4.922349291	6.775110355
3067	4.921386717	6.773746922
3068	4.920313498	6.772043077
3069	4.920049988	6.771727979
3070	4.919534734	6.770965343
3071	4.918891385	6.770046816
3072	4.918365926	6.769250752
3073	4.91770472	6.768454329
3074	4.917166179	6.767653558
3075	4.917079899	6.767536516
3076	4.916144241	6.766276369
3077	4.915564037	6.765391638
3078	4.915052367	6.764741211
3079	4.913936642	6.763382506
3080	4.913077779	6.762194136
3081	4.912718468	6.761736673
3082	4.911950624	6.760615779
3083	4.911945169	6.760611669
3084	4.911808231	6.760391308
3085	4.911190761	6.759442453
3086	4.910646088	6.758651951
3087	4.910086134	6.757863093
3088	4.909448174	6.757030133
3089	4.909438865	6.757003333
3090	4.908768629	6.756116273
3091	4.907781516	6.75475162
3092	4.907149376	6.75397093
3093	4.906505698	6.753182733
3094	4.905920686	6.752475295
3095	4.904927697	6.751082008
3096	4.904263897	6.750211922
3097	4.903866002	6.749765911
3098	4.903349473	6.748938119
3099	4.903065898	6.748524268
3100	4.902508386	6.747728159
3101	4.902000164	6.747035342
3102	4.901278334	6.745947571
3103	4.900826974	6.745304435
3104	4.899986606	6.744177074
3105	4.899664355	6.743730729
3106	4.898799994	6.742454408
3107	4.898284536	6.741679995
3108	4.897781132	6.740878009
3109	4.896849323	6.739689939
3110	4.896117225	6.738822372
3111	4.895599296	6.738138326
3112	4.894832109	6.73685007
3113	4.894664438	6.736509847
3114	4.894043341	6.735673438
3115	4.893375875	6.734860352
3116	4.893058212	6.734443721
3117	4.892467503	6.733537339
3118	4.891695431	6.732681934
3119	4.891137066	6.731992739
3120	4.890495516	6.731179252
3121	4.889825949	6.730240836
3122	4.889342745	6.729510259
3123	4.888961465	6.728983182
3124	4.888899663	6.728904334
3125	4.888458102	6.728286537
3126	4.88769259	6.72722624
3127	4.887062541	6.726336142
3128	4.886693396	6.725798273
3129	4.88615207	6.725179388
3130	4.885685632	6.724544882
3131	4.885272355	6.723906343
3132	4.884369768	6.722651428
3133	4.883892359	6.721916091
3134	4.883735231	6.721717234
3135	4.883161581	6.721023945
3136	4.882331046	6.72006415
3137	4.881677847	6.719286476
3138	4.881053036	6.718423409
3139	4.879779798	6.716572414
3140	4.879653855	6.716337215
3141	4.878798724	6.715257656
3142	4.878227107	6.71448221
3143	4.877348185	6.713218126
3144	4.87678361	6.712570605
3145	4.876093887	6.711628951
3146	4.875070537	6.710246253
3147	4.874142196	6.70904715
3148	4.873561145	6.708166239
3149	4.872880756	6.707163845
3150	4.871993413	6.706027817
3151	4.871585011	6.705411471
3152	4.87102937	6.704670659
3153	4.87061114	6.704101501
3154	4.869923023	6.703208633
3155	4.869301521	6.702552389
3156	4.868860615	6.701932707
3157	4.868456235	6.701394584
3158	4.867541571	6.700109483
3159	4.867512817	6.700081303
3160	4.866941371	6.699236934
3161	4.866285182	6.698416168
3162	4.865546685	6.697311492
3163	4.865313408	6.697028872
3164	4.864486182	6.695946188
3165	4.863132274	6.694311301
3166	4.862977985	6.694049099
3167	4.862591475	6.693439794
3168	4.861795504	6.692237876
3169	4.860806255	6.690875615
3170	4.860052334	6.689784098
3171	4.859436383	6.688965351
3172	4.858734346	6.688044683
3173	4.85815203	6.687288334
3174	4.857608585	6.686546707
3175	4.857100333	6.685889687
3176	4.856719682	6.685322224
3177	4.856028565	6.684377917
3178	4.855131844	6.683224001
3179	4.854354173	6.682108647
3180	4.853555076	6.681137368
3181	4.852968906	6.680248908
3182	4.852234249	6.679243364
3183	4.851445753	6.678095013
3184	4.850782767	6.677196973
3185	4.850777871	6.677193311
3186	4.85008881	6.676151452
3187	4.849600583	6.675329374
3188	4.848828592	6.674398579
3189	4.848334388	6.673878406
3190	4.847814748	6.673197714
3191	4.846885762	6.671793693
3192	4.846626557	6.671448923
3193	4.846075756	6.670701399
3194	4.845356232	6.669650638
3195	4.84509205	6.669211028
3196	4.844676184	6.668722793
3197	4.843810939	6.667363449
3198	4.843749288	6.66726036
3199	4.842796531	6.666060837
3200	4.842252223	6.665288925
3201	4.841747699	6.664512463
3202	4.841226814	6.663716744
3203	4.840301719	6.662430623
3204	4.83981629	6.661763593
3205	4.839130792	6.660897061
3206	4.839072594	6.660828452
3207	4.838293153	6.659833516
3208	4.837619115	6.659038162
3209	4.836727823	6.657937301
3210	4.835991287	6.65683823
3211	4.835786482	6.656537186
3212	4.835364342	6.656061483
3213	4.834797543	6.655139866
3214	4.834521096	6.6547183
3215	4.8335234	6.653290019
3216	4.833422639	6.653148439
3217	4.832971852	6.65253607
3218	4.832521249	6.65191091
3219	4.831590386	6.650634451
3220	4.830799463	6.64953637
3221	4.830730099	6.649431422
3222	4.82993543	6.648321104
3223	4.829324238	6.647497892
3224	4.828700801	6.646618743
3225	4.828434692	6.646215895
3226	4.828257951	6.645958113
3227	4.827433826	6.64490231
3228	4.827150437	6.64449385
3229	4.826828737	6.644016986
3230	4.82641033	6.643458664
3231	4.825804442	6.64245125
3232	4.825558542	6.64216798
3233	4.825047018	6.641455943
3234	4.824408033	6.64056222
3235	4.824085995	6.640211137
3236	4.823217273	6.638950642
3237	4.822296094	6.6375574
3238	4.821688781	6.636630687
3239	4.821399279	6.636230575
3240	4.821236475	6.635942948
3241	4.821186412	6.635871559
3242	4.820641671	6.635175256
3243	4.81996687	6.634353763
3244	4.81942329	6.633532523
3245	4.818836099	6.632679075
3246	4.817923358	6.631522024
3247	4.817406764	6.630678794
3248	4.816684171	6.62958351
3249	4.816055996	6.628665717
3250	4.815297243	6.627610327
3251	4.814819662	6.626923031
3252	4.814375271	6.626210157
3253	4.813959188	6.625636977
3254	4.813564695	6.625090125
3255	4.812866202	6.624272667
3256	4.812131588	6.623275668
3257	4.811336771	6.622238361
3258	4.810815739	6.621454108
3259	4.810526006	6.621048877
3260	4.810060261	6.620410272
3261	4.809442821	6.619519639
3262	4.808896257	6.61877234
3263	4.808253251	6.617840755
3264	4.807628968	6.616916161
3265	4.806940217	6.61597648
3266	4.806112857	6.614940273
3267	4.805439595	6.614020403
3268	4.804725921	6.612823216
3269	4.804456089	6.612514807
3270	4.803903185	6.611766466
3271	4.803486292	6.611251026
3272	4.802648411	6.610060391
3273	4.802074357	6.609240981
3274	4.801508731	6.608480124
3275	4.801144027	6.607936013
3276	4.800383454	6.606982536
3277	4.799852715	6.606364139
3278	4.799835338	6.606312452
3279	4.799366296	6.605692591
3280	4.798445792	6.604413562
3281	4.798005762	6.603689158
3282	4.797143387	6.602625853
3283	4.796232302	6.601317803
3284	4.795622572	6.600477863
3285	4.794874465	6.599535837
3286	4.794266568	6.598750502
3287	4.793567302	6.597742264
3288	4.792740541	6.596563917
3289	4.791975887	6.595583756
3290	4.79118643	6.59451547
3291	4.790876808	6.594121585
3292	4.790334891	6.593440404
3293	4.789389263	6.592202593
3294	4.788910482	6.591628006
3295	4.788359506	6.590796692
3296	4.78808836	6.590419447
3297	4.787582943	6.589712922
3298	4.787172128	6.588951613
3299	4.786723925	6.588432184
3300	4.7860767	6.587616168
3301	4.78571942	6.587070431
3302	4.785400743	6.586544399
3303	4.785146011	6.58621131
3304	4.784290161	6.585075584
3305	4.783836609	6.584362271
3306	4.78317697	6.583379007
3307	4.782509375	6.582634896
3308	4.78202909	6.581943156
3309	4.781756714	6.581407065
3310	4.78127219	6.58080702
3311	4.780692845	6.579980149
3312	4.780168682	6.5792997
3313	4.779967253	6.57902561
3314	4.779253444	6.578115231
3315	4.778762616	6.577489605
3316	4.778187898	6.576761072
3317	4.777172757	6.575184802
3318	4.776336747	6.573886388
3319	4.775677834	6.572968941
3320	4.775426069	6.572599779
3321	4.774809768	6.571812658
3322	4.774340241	6.571264032
3323	4.773863034	6.570468466
3324	4.773584303	6.570122585
3325	4.772581668	6.568804087
3326	4.771786106	6.567531201
3327	4.77165594	6.567296018
3328	4.770717488	6.566083454
3329	4.770316272	6.565529486
3330	4.769659748	6.564451115
3331	4.769463463	6.564181719
3332	4.768733954	6.563149632
3333	4.768254644	6.562544337
3334	4.767785309	6.561886289
3335	4.767188893	6.561123232
3336	4.766542654	6.560214573
3337	4.766487487	6.560110185
3338	4.766044933	6.559433505
3339	4.76559113	6.558763014
3340	4.765125182	6.558059609
3341	4.765027708	6.55790267
3342	4.765006555	6.557838702
3343	4.764439385	6.557127817
3344	4.764325201	6.556979242
3345	4.7638618	6.556324713
3346	4.763192997	6.555359223
3347	4.762776476	6.554746316
3348	4.761857428	6.553461901
3349	4.761143395	6.552384663
3350	4.760353416	6.551369654
3351	4.759853653	6.550700611
3352	4.758906382	6.549411027
3353	4.75840154	6.54869077
3354	4.757603412	6.547686519
3355	4.756952967	6.546685551
3356	4.756792285	6.546465053
3357	4.75622406	6.545750582
3358	4.755583503	6.544989901
3359	4.755029927	6.544413981
3360	4.754471119	6.543560217
3361	4.754121165	6.543016336
3362	4.753648884	6.542294433
3363	4.752922017	6.541324519
3364	4.752308306	6.540459486
3365	4.751587821	6.539378205
3366	4.751050586	6.538520241
3367	4.750338346	6.537665679
3368	4.749867175	6.537046125
3369	4.749260603	6.536251249
3370	4.748768882	6.535644563
3371	4.748226833	6.53482325
3372	4.747804342	6.534129159
3373	4.74738868	6.533597776
3374	4.74681971	6.532752067
3375	4.746390878	6.532125721
3376	4.74592114	6.531402584
3377	4.745563226	6.530829662
3378	4.744952399	6.529788374
3379	4.74452528	6.529195199
3380	4.743994953	6.528610064
3381	4.743110978	6.527232423
3382	4.74259593	6.526478656
3383	4.741466495	6.524675985
3384	4.740671704	6.523590592
3385	4.740144587	6.522898453
3386	4.739301251	6.52154029
3387	4.738879304	6.520887198
3388	4.738179624	6.520012237
3389	4.737756085	6.519359047
3390	4.737048119	6.51842867
3391	4.736682231	6.517920395
3392	4.736082059	6.517190602
3393	4.736037017	6.517135962
3394	4.735576817	6.516471565
3395	4.735436006	6.516314259
3396	4.735334982	6.516212661
3397	4.734580808	6.515133651
3398	4.733973297	6.51427503
3399	4.733196586	6.513133312
3400	4.732841745	6.512689238
3401	4.732184544	6.511794042
3402	4.731828812	6.51131315
3403	4.731498723	6.510860736
3404	4.730797315	6.509869918
3405	4.729973898	6.508735621
3406	4.729004107	6.507472097
3407	4.728272313	6.506505283
3408	4.727784987	6.505820829
3409	4.727540964	6.505499302
3410	4.727112775	6.504817351
3411	4.726557362	6.504024077
3412	4.726558188	6.504010449
3413	4.726044808	6.503343452
3414	4.725374468	6.502596981
3415	4.724741678	6.50183678
3416	4.72438323	6.501270351
3417	4.723791301	6.500468484
3418	4.7233201	6.4998937
3419	4.722894069	6.499249388
3420	4.722174902	6.498267495
3421	4.721294758	6.49711254
3422	4.720723265	6.496151353
3423	4.719864011	6.494863812
3424	4.719179975	6.493940472
3425	4.718854357	6.49360672
3426	4.718130472	6.492709393
3427	4.717399625	6.491674944
3428	4.717167602	6.491329675
3429	4.716398144	6.490390243
3430	4.715821766	6.489718836
3431	4.715393934	6.488910315
3432	4.714620016	6.487839472
3433	4.714096966	6.48721446
3434	4.713632607	6.486689742
3435	4.712910893	6.485666811
3436	4.712287377	6.484798828
3437	4.711924441	6.484377142
3438	4.711231086	6.483371496
3439	4.710942671	6.482999579
3440	4.710130609	6.482041036
3441	4.709416524	6.480886161
3442	4.708711585	6.479901701
3443	4.708122282	6.479046737
3444	4.70754706	6.47817598
3445	4.706265936	6.47636744
3446	4.705825947	6.475823568
3447	4.704950778	6.474667823
3448	4.704486235	6.473983422
3449	4.704141282	6.473470803
3450	4.703608734	6.472702606
3451	4.703489441	6.472574761
3452	4.702614345	6.471329744
3453	4.702045728	6.470570948
3454	4.701685258	6.470102111
3455	4.701359673	6.469627273
3456	4.700782109	6.468840891
3457	4.700215097	6.46814482
3458	4.699669177	6.467505466
3459	4.698886241	6.466569411
3460	4.697897036	6.465419665
3461	4.697551735	6.464946539
3462	4.697482593	6.464859265
3463	4.697095083	6.464213168
3464	4.696516354	6.463389455
3465	4.696061359	6.462655985
3466	4.695998064	6.462523756
3467	4.695404738	6.461794145
3468	4.695145041	6.461417784
3469	4.694522615	6.460576235
3470	4.693700218	6.459468751
3471	4.692989067	6.458584356
3472	4.69285949	6.458415229
3473	4.692184873	6.457599295
3474	4.691773901	6.456902343
3475	4.691274347	6.456144756
3476	4.690631719	6.455400995
3477	4.689676096	6.454081577
3478	4.689543546	6.453913667
3479	4.689005869	6.453111793
3480	4.688461723	6.452447004
3481	4.687819937	6.451589965
3482	4.687301308	6.45078893
3483	4.6865185	6.449625026
3484	4.685453711	6.448271297
3485	4.684780584	6.447309309
3486	4.684288677	6.446595449
3487	4.684239399	6.44649575
3488	4.683483556	6.445468041
3489	4.683024851	6.444830155
3490	4.682697474	6.444426088
3491	4.68198192	6.443474144
3492	4.681244239	6.442338186
3493	4.680735266	6.441579501
3494	4.680152449	6.440824634
3495	4.679391158	6.439759146
3496	4.678862826	6.438932148
3497	4.678210172	6.437984395
3498	4.677618156	6.437194457
3499	4.67664594	6.435883339
3500	4.67646022	6.435551245
3501	4.675835897	6.434705138
3502	4.675313448	6.433963541
3503	4.674724886	6.433091841
3504	4.674492354	6.432845546
3505	4.67396081	6.43211719
3506	4.673194219	6.431154966
3507	4.672781176	6.430555426
3508	4.672228086	6.429780526
3509	4.671692238	6.429104448
3510	4.671038962	6.428104009
3511	4.670324076	6.427098188
3512	4.669815953	6.426317377
3513	4.669474576	6.425780776
3514	4.668958347	6.425186658
3515	4.668863025	6.425028044
3516	4.668205183	6.424220535
3517	4.667573715	6.423345448
3518	4.667161085	6.422836783
3519	4.666990266	6.422612111
3520	4.66654871	6.422055828
3521	4.665930845	6.421195745
3522	4.665302546	6.420314278
3523	4.664902972	6.419733252
3524	4.664405247	6.419010244
3525	4.663649739	6.417672898
3526	4.663070249	6.416783132
3527	4.662700545	6.416271272
3528	4.661893426	6.415300607
3529	4.661472867	6.414676089
3530	4.660557698	6.413562049
3531	4.659938889	6.41272543
3532	4.659309642	6.411688122
3533	4.658563576	6.410659827
3534	4.658163512	6.410216978
3535	4.65760121	6.409517788
3536	4.657165424	6.408866513
3537	4.65671603	6.408131398
3538	4.656002705	6.407291152
3539	4.655353601	6.406418544
3540	4.654758963	6.405505396
3541	4.653882972	6.404368298
3542	4.653250459	6.403581027
3543	4.65294715	6.403124355
3544	4.652055902	6.401881786
3545	4.651149508	6.400547216
3546	4.650690272	6.399960882
3547	4.650240502	6.39934092
3548	4.649731993	6.398566793
3549	4.64924062	6.397869955
3550	4.648412322	6.396720832
3551	4.647992693	6.396125397
3552	4.647650105	6.395726178
3553	4.647192112	6.395093407
3554	4.646215851	6.393766422
3555	4.64560733	6.393051943
3556	4.645352474	6.392672432
3557	4.644963921	6.392131318
3558	4.644682007	6.391652174
3559	4.643976403	6.390693805
3560	4.643363112	6.389815483
3561	4.643230965	6.389545273
3562	4.643125572	6.389430385
3563	4.642601061	6.388781428
3564	4.641949759	6.387953083
3565	4.641329041	6.386958435
3566	4.640163551	6.385136934
3567	4.639377945	6.384003246
3568	4.638840537	6.383381233
3569	4.638081601	6.382287169
3570	4.63769517	6.381804889
3571	4.637568352	6.381591634
3572	4.637098096	6.380953233
3573	4.636436597	6.379998687
3574	4.635724624	6.379088927
3575	4.634939506	6.37795629
3576	4.634583328	6.377493788
3577	4.6339802	6.376659185
3578	4.633477248	6.375950548
3579	4.633126278	6.375409758
3580	4.632519773	6.374571286
3581	4.632144906	6.374112608
3582	4.631598629	6.373419157
3583	4.631593966	6.37341602
3584	4.631397229	6.373206621
3585	4.630823419	6.372432121
3586	4.630272126	6.371666042
3587	4.629624195	6.370704285
3588	4.629272449	6.370348525
3589	4.628462414	6.369210453
3590	4.627833096	6.368268113
3591	4.62743309	6.367723404
3592	4.626868681	6.366953289
3593	4.626373556	6.366255148
3594	4.625742916	6.365315256
3595	4.624972359	6.364361497
3596	4.62464366	6.363950855
3597	4.624209003	6.363287865
3598	4.623630178	6.36248226
3599	4.623153086	6.36174698
3600	4.622690125	6.361183835
3601	4.621957361	6.360197164
3602	4.62159598	6.359588824
3603	4.621051844	6.358891351
3604	4.620914946	6.358666815
3605	4.620259268	6.35784947
3606	4.619612284	6.35695863
3607	4.619030129	6.356097393
3608	4.618256187	6.354919206
3609	4.617499992	6.353744585
3610	4.61701926	6.353106631
3611	4.616525981	6.352389485
3612	4.615822752	6.351454841
3613	4.615249636	6.350664688
3614	4.614656385	6.349858664
3615	4.613975632	6.348757606
3616	4.613763979	6.348425315
3617	4.612708232	6.346947827
3618	4.612578761	6.346777462
3619	4.611929775	6.345938732
3620	4.611161549	6.344827375
3621	4.611123386	6.3447693
3622	4.610242834	6.343441259
3623	4.609845007	6.342812988
3624	4.609279906	6.342133068
3625	4.608481899	6.341086943
3626	4.608143434	6.340675062
3627	4.607725478	6.340101519
3628	4.607152379	6.339468486
3629	4.606575966	6.33883543
3630	4.605727406	6.337524123
3631	4.605157702	6.336661813
3632	4.604370595	6.335564627
3633	4.603985039	6.334950019
3634	4.603423998	6.33413229
3635	4.603014052	6.333469052
3636	4.60250242	6.332654312
3637	4.601625407	6.331671083
3638	4.600653231	6.330329005
3639	4.600498376	6.330144081
3640	4.599726211	6.329273143
3641	4.599370413	6.328918483
3642	4.598637457	6.328072469
3643	4.598285657	6.327557684
3644	4.597435308	6.32640959
3645	4.596639479	6.325310358
3646	4.596448368	6.324989444
3647	4.59580921	6.32415324
3648	4.59540954	6.323462463
3649	4.594505243	6.322317441
3650	4.594089595	6.321677038
3651	4.594024467	6.321553783
3652	4.593384326	6.320733625
3653	4.592590984	6.319724406
3654	4.591630921	6.318518843
3655	4.590979179	6.317472689
3656	4.590216618	6.316410754
3657	4.589360882	6.315192596
3658	4.588871138	6.314557391
3659	4.588239112	6.313582667
3660	4.587646499	6.31296456
3661	4.586580834	6.311621095
3662	4.585826684	6.310620092
3663	4.58532175	6.309954933
3664	4.58477669	6.309131621
3665	4.584084558	6.30829237
3666	4.5835645	6.307623364
3667	4.583560192	6.307620079
3668	4.582750171	6.306322079
3669	4.581598248	6.304723131
3670	4.581214752	6.304088547
3671	4.580711741	6.303390713
3672	4.580200762	6.302777514
3673	4.579489467	6.301799684
3674	4.579031529	6.301150144
3675	4.578194877	6.300090605
3676	4.577872945	6.29961946
3677	4.577128152	6.298472184
3678	4.576911524	6.298161921
3679	4.576660351	6.297786544
3680	4.576447369	6.297523959
3681	4.575854108	6.29679086
3682	4.575116318	6.295702661
3683	4.57429261	6.294472132
3684	4.574012886	6.29408774
3685	4.573488475	6.293311356
3686	4.573232589	6.29279641
3687	4.57264247	6.292038716
3688	4.572503452	6.291790695
3689	4.571813583	6.290772129
3690	4.571541323	6.290299297
3691	4.571531265	6.290276932
3692	4.570901349	6.289376772
3693	4.570209799	6.288355966
3694	4.569779384	6.287706719
3695	4.569247584	6.287010641
3696	4.568886812	6.286505271
3697	4.568027069	6.28544759
3698	4.566971772	6.283875143
3699	4.566284174	6.282842264
3700	4.565815349	6.282302552
3701	4.565696119	6.282151629
3702	4.565259023	6.28158857
3703	4.564335022	6.2803557
3704	4.563945197	6.279804769
3705	4.563365823	6.279007268
3706	4.562832893	6.278293182
3707	4.562400453	6.277732458
3708	4.561629989	6.276619654
3709	4.560771417	6.2753412
3710	4.560159473	6.274594512
3711	4.560101528	6.274502279
3712	4.559832618	6.27414599
3713	4.559670737	6.273893283
3714	4.55910939	6.273172791
3715	4.558353098	6.272197369
3716	4.557970288	6.271681406
3717	4.557370841	6.270893705
3718	4.557065622	6.270446698
3719	4.556594342	6.269866995
3720	4.556051883	6.269104529
3721	4.555909268	6.268950403
3722	4.555544911	6.268458074
3723	4.555078865	6.267757141
3724	4.554668607	6.267377982
3725	4.554153535	6.266610243
3726	4.553820694	6.266172526
3727	4.552863104	6.264942818
3728	4.552427885	6.264377021
3729	4.551839372	6.26362468
3730	4.551834923	6.263607833
3731	4.551250146	6.262729168
3732	4.550432326	6.261469731
3733	4.550131684	6.261032293
3734	4.549742927	6.260594296
3735	4.549312575	6.259983323
3736	4.548815395	6.259238423
3737	4.548243959	6.258425972
3738	4.547591721	6.25766588
3739	4.547074304	6.25689901
3740	4.546532347	6.256144946
3741	4.546193304	6.255648518
3742	4.545690347	6.25497966
3743	4.54500083	6.254009898
3744	4.544676239	6.253664616
3745	4.544034494	6.252824654
3746	4.543729989	6.25242825
3747	4.543309509	6.251914597
3748	4.543304722	6.251911569
3749	4.542802888	6.251253285
3750	4.542319324	6.250645451
3751	4.541968429	6.250085282
3752	4.5414395	6.249424845
3753	4.540854638	6.24865086
3754	4.540326546	6.247837571
3755	4.539923493	6.247177736
3756	4.539692927	6.246882441
3757	4.539673395	6.246862306
3758	4.539073971	6.245953361
3759	4.538464348	6.245145475
3760	4.537935063	6.244324602
3761	4.53718213	6.243400626
3762	4.536901995	6.243057194
3763	4.536525858	6.242569525
3764	4.535934197	6.241813276
3765	4.535271186	6.240758762
3766	4.535029405	6.240399534
3767	4.534723197	6.240033996
3768	4.534421689	6.239707948
3769	4.533868844	6.238983124
3770	4.533328146	6.238183374
3771	4.532766234	6.237521907
3772	4.532246017	6.236864737
3773	4.531727925	6.236045587
3774	4.531159278	6.235263029
3775	4.530513324	6.234356421
3776	4.529919106	6.233518782
3777	4.529276946	6.232609867
3778	4.528800535	6.231967581
3779	4.528431258	6.231497151
3780	4.52801445	6.230884797
3781	4.527630979	6.230267255
3782	4.527213854	6.229682139
3783	4.526738757	6.229043262
3784	4.526156011	6.228135373
3785	4.525667926	6.227345469
3786	4.525272295	6.226795836
3787	4.524598522	6.22575588
3788	4.524076142	6.224999772
3789	4.523737614	6.224581084
3790	4.523257705	6.223887327
3791	4.522556649	6.222870874
3792	4.521925515	6.222028644
3793	4.52133232	6.221058843
3794	4.520677521	6.220159197
3795	4.52031398	6.219675382
3796	4.519881067	6.219106973
3797	4.519148984	6.21817909
3798	4.518802631	6.217732288
3799	4.518240905	6.216931706
3800	4.517474273	6.216015237
3801	4.516966118	6.215274462
3802	4.516553587	6.214715386
3803	4.516356677	6.214493196
3804	4.515773363	6.21363844
3805	4.515689619	6.213557084
3806	4.515137831	6.212923355
3807	4.514677186	6.212313746
3808	4.514242254	6.211634186
3809	4.514073584	6.211321977
3810	4.513310134	6.210233063
3811	4.512669703	6.209205998
3812	4.512057552	6.208362523
3813	4.511231392	6.207156679
3814	4.510827287	6.206664725
3815	4.510017864	6.205586108
3816	4.509722158	6.205207428
3817	4.509187525	6.204480631
3818	4.508752922	6.20378054
3819	4.508314395	6.203236373
3820	4.507997268	6.202721116
3821	4.507455683	6.201958127
3822	4.507385868	6.201835931
3823	4.506965386	6.201138901
3824	4.506745734	6.200838843
3825	4.506076936	6.199894136
3826	4.505448278	6.199030072
3827	4.50484193	6.198191622
3828	4.50435214	6.197627353
3829	4.503578213	6.1965999
3830	4.502661788	6.195323484
3831	4.501754353	6.194032364
3832	4.501471226	6.193561659
3833	4.500784961	6.192775282
3834	4.500169545	6.192061026
3835	4.499770005	6.191499032
3836	4.499131902	6.190612462
3837	4.498290689	6.189500532
3838	4.498113653	6.189257098
3839	4.497782303	6.188781338
3840	4.497615819	6.188629098
3841	4.49692163	6.187703009
3842	4.496456439	6.187145032
3843	4.49574681	6.186108261
3844	4.495239835	6.185322097
3845	4.494732941	6.184708872
3846	4.493907461	6.183523493
3847	4.493579721	6.183152564
3848	4.493094195	6.182461135
3849	4.492210046	6.181235399
3850	4.492028725	6.180913296
3851	4.491748912	6.18043227
3852	4.490880302	6.179261506
3853	4.490580061	6.178845973
3854	4.49008358	6.178153586
3855	4.489457762	6.177444765
3856	4.489219352	6.177029542
3857	4.488596556	6.176203048
3858	4.488190799	6.175612004
3859	4.487908456	6.175109278
3860	4.48752934	6.174534899
3861	4.486967889	6.173825933
3862	4.486719172	6.173449362
3863	4.485906432	6.172260855
3864	4.485523941	6.171789535
3865	4.484668381	6.170530879
3866	4.484298355	6.170106578
3867	4.483896379	6.169606337
3868	4.483427187	6.169000372
3869	4.483168175	6.168540702
3870	4.482127768	6.16696823
3871	4.481696976	6.166317853
3872	4.481004753	6.165465563
3873	4.480982176	6.165435397
3874	4.480386893	6.164600452
3875	4.480352292	6.164578484
3876	4.47946199	6.163345855
3877	4.478403543	6.161796207
3878	4.477766543	6.160958908
3879	4.477314272	6.160354653
3880	4.476701765	6.159535188
3881	4.476067536	6.158748179
3882	4.4758074	6.158322113
3883	4.47579414	6.158313127
3884	4.475290337	6.157614845
3885	4.475252112	6.157557527
3886	4.474840283	6.15688791
3887	4.47432928	6.156291602
3888	4.474057326	6.1558739
3889	4.473591314	6.155207788
3890	4.472704249	6.154082404
3891	4.472087196	6.153248188
3892	4.471627794	6.152751442
3893	4.471286531	6.152345508
3894	4.470897573	6.151828864
3895	4.470804588	6.151680716
3896	4.470309806	6.150952655
3897	4.470283396	6.150924166
3898	4.470174521	6.150775032
3899	4.469433522	6.149777695
3900	4.46922392	6.149434869
3901	4.468892693	6.148892248
3902	4.468441243	6.148243954
3903	4.467966143	6.147595869
3904	4.46753326	6.146984291
3905	4.466975463	6.146309616
3906	4.466913576	6.146138496
3907	4.466357562	6.145316334
3908	4.465804977	6.144544218
3909	4.465268973	6.143719277
3910	4.464743007	6.143110193
3911	4.464417061	6.142570724
3912	4.464412571	6.142568037
3913	4.463628291	6.14151502
3914	4.463221454	6.140889321
3915	4.462635565	6.140058398
3916	4.462381817	6.139725129
3917	4.462143337	6.139359689
3918	4.461717537	6.138808375
3919	4.461711217	6.138803041
3920	4.461107989	6.138074735
3921	4.460672079	6.13752981
3922	4.460105326	6.136831235
3923	4.459528136	6.136056807
3924	4.458899542	6.135052042
3925	4.458843971	6.134987128
3926	4.458420896	6.134440292
3927	4.458131076	6.134109941
3928	4.457533345	6.133263382
3929	4.45701355	6.132538187
3930	4.456246467	6.131555987
3931	4.456077388	6.131325033
3932	4.455766376	6.130813754
3933	4.455368592	6.130237731
3934	4.454698432	6.129377524
3935	4.453965961	6.128388296
3936	4.453810037	6.128192453
3937	4.453381729	6.127395331
3938	4.452994032	6.126807109
3939	4.452809492	6.126592623
3940	4.452414319	6.126071302
3941	4.452210897	6.125778656
3942	4.451928626	6.125359101
3943	4.451419052	6.12475604
3944	4.450777665	6.123896374
3945	4.450218487	6.123171899
3946	4.449689533	6.122447384
3947	4.44924928	6.121832516
3948	4.44842124	6.120693002
3949	4.448116016	6.120232671
3950	4.447659552	6.119616476
3951	4.447399782	6.119253354
3952	4.447247717	6.119032271
3953	4.447035476	6.118763019
3954	4.446560266	6.118066378
3955	4.446152867	6.117481863
3956	4.445457977	6.116620069
3957	4.445115537	6.116049548
3958	4.444784355	6.115566182
3959	4.44415438	6.114711656
3960	4.443546462	6.113885975
3961	4.443160657	6.113311858
3962	4.442697702	6.112640883
3963	4.441928692	6.111530154
3964	4.441655707	6.111159886
3965	4.44144232	6.11088665
3966	4.440984678	6.110329331
3967	4.440436045	6.109480962
3968	4.439515602	6.108317202
3969	4.43908094	6.10757444
3970	4.438379355	6.106776562
3971	4.437923264	6.106225933
3972	4.437311522	6.105387444
3973	4.437082628	6.104986752
3974	4.436617539	6.104398476
3975	4.435770829	6.103291759
3976	4.435458315	6.102874559
3977	4.435160053	6.10247001
3978	4.434821655	6.1020831
3979	4.434506905	6.101509909
3980	4.433745761	6.100492662
3981	4.433431467	6.10013708
3982	4.433155523	6.099633361
3983	4.432549217	6.098713992
3984	4.431890828	6.097664141
3985	4.431317119	6.096936747
3986	4.430808949	6.096231529
3987	4.430175543	6.095252045
3988	4.429869742	6.094797745
3989	4.429497883	6.094289957
3990	4.429484444	6.094271391
3991	4.429101909	6.09374555
3992	4.428439191	6.09289176
3993	4.427795949	6.091953735
3994	4.427790485	6.09195046
3995	4.427650137	6.091811007
3996	4.426949228	6.090767506
3997	4.426091543	6.089569377
3998	4.425803344	6.089149254
3999	4.42517199	6.088272069
4000	4.424784291	6.087702766
4001	4.424331884	6.087204958
4002	4.424052548	6.086750816
4003	4.423535357	6.086117862
4004	4.423284352	6.085780943
4005	4.422647951	6.08483858
4006	4.422001619	6.083967907
4007	4.421462523	6.083227698
4008	4.420786092	6.082396345
4009	4.420236678	6.081606614
4010	4.419528308	6.080619711
4011	4.419137156	6.080104458
4012	4.418854361	6.079734637
4013	4.418438006	6.079219167
4014	4.417902035	6.078494142
4015	4.417154979	6.077349163
4016	4.416529659	6.076498453
4017	4.41583981	6.07539089
4018	4.41531719	6.07469959
4019	4.414952464	6.074255144
4020	4.414502553	6.073624903
4021	4.414457764	6.073548722
4022	4.413980433	6.072919418
4023	4.413567337	6.072351636
4024	4.413100509	6.071763653
4025	4.412694861	6.071184766
4026	4.412151491	6.070472643
4027	4.41173741	6.069855248
4028	4.411238498	6.069201319
4029	4.410884865	6.068692963
4030	4.410437373	6.068005927
4031	4.410045301	6.067602418
4032	4.409383594	6.066600571
4033	4.408888939	6.065989573
4034	4.408316934	6.06527088
4035	4.407950474	6.064641383
4036	4.4076297	6.064189462
4037	4.406884517	6.063129301
4038	4.406592093	6.062780507
4039	4.40610608	6.062028675
4040	4.405863348	6.061721877
4041	4.405003204	6.060597485
4042	4.404334753	6.059615375
4043	4.403986891	6.059088352
4044	4.40348454	6.058474191
4045	4.403122339	6.057953522
4046	4.402562893	6.057213141
4047	4.402039378	6.056349022
4048	4.401932877	6.056149218
4049	4.40150392	6.055615424
4050	4.400946092	6.054805567
4051	4.400253107	6.053893373
4052	4.399741076	6.053151627
4053	4.399318017	6.052581109
4054	4.398971532	6.052070916
4055	4.39839042	6.051313258
4056	4.397785157	6.050416143
4057	4.397191625	6.049558924
4058	4.396747196	6.048938591
4059	4.396109222	6.048008411
4060	4.395591086	6.047270864
4061	4.395101149	6.046499352
4062	4.395082531	6.046462333
4063	4.394272286	6.045515266
4064	4.393488202	6.044423111
4065	4.392520262	6.043186371
4066	4.392120698	6.042565284
4067	4.391608445	6.041945272
4068	4.391189872	6.041387596
4069	4.39061877	6.040591934
4070	4.390332535	6.040198455
4071	4.389786517	6.039482291
4072	4.388898458	6.038197205
4073	4.388479305	6.037617287
4074	4.388224338	6.03732188
4075	4.387936863	6.036860782
4076	4.387567459	6.036298404
4077	4.387330074	6.035862324
4078	4.386353868	6.034572737
4079	4.386215316	6.034285164
4080	4.3859671	6.034016529
4081	4.385517323	6.033455565
4082	4.385361994	6.033241072
4083	4.384465687	6.032053025
4084	4.383945102	6.031307504
4085	4.383515967	6.030763945
4086	4.383186603	6.030310397
4087	4.382846747	6.02977294
4088	4.381931519	6.028414855
4089	4.381363502	6.027648237
4090	4.381147714	6.02735172
4091	4.380519268	6.026325325
4092	4.380020605	6.025634347
4093	4.37933699	6.024658498
4094	4.378951465	6.024058833
4095	4.378425112	6.02336461
4096	4.378176303	6.02296541
4097	4.377759527	6.022368083
4098	4.377289018	6.021680026
4099	4.377014072	6.021218095
4100	4.376558463	6.020516343
4101	4.376241889	6.020091147
4102	4.37575788	6.019531552
4103	4.375223887	6.018713223
4104	4.374864222	6.018215106
4105	4.374284896	6.017465589
4106	4.374007916	6.017075296
4107	4.373489803	6.016418822
4108	4.372938432	6.015572166
4109	4.372498043	6.014895362
4110	4.372036618	6.014282051
4111	4.371633454	6.013693993
4112	4.370862861	6.012594176
4113	4.370597901	6.01222398
4114	4.370233625	6.011720542
4115	4.369697854	6.010924754
4116	4.369487813	6.010691458
4117	4.368720628	6.009598448
4118	4.368260554	6.00898301
4119	4.367749787	6.008322935
4120	4.366761851	6.006789376
4121	4.366109306	6.00599892
4122	4.365446609	6.005107263
4123	4.364611411	6.003883629
4124	4.364105113	6.003235867
4125	4.363747427	6.002752822
4126	4.363403232	6.002200159
4127	4.36307978	6.001711056
4128	4.362566565	6.000973362
4129	4.362045524	6.000413552
4130	4.361418432	5.999489325
4131	4.361257786	5.999237288
4132	4.360613423	5.998386814
4133	4.360124844	5.997662252
4134	4.359665389	5.997062302
4135	4.359657917	5.997038694
4136	4.359240178	5.996521997
4137	4.358980118	5.996103524
4138	4.358566467	5.995504443
4139	4.358004215	5.99472366
4140	4.357595458	5.994219215
4141	4.357311245	5.993799643
4142	4.356805504	5.99304945
4143	4.356340694	5.992363557
4144	4.356081214	5.991916918
4145	4.355181716	5.990683434
4146	4.354964897	5.990345307
4147	4.354423536	5.989647374
4148	4.354417205	5.989638506
4149	4.35389524	5.989016074
4150	4.35354137	5.988514617
4151	4.352994421	5.987688637
4152	4.352572853	5.98715775
4153	4.352127113	5.986513276
4154	4.351293539	5.985312179
4155	4.350834947	5.984685228
4156	4.350073136	5.983638498
4157	4.349591037	5.983070548
4158	4.349057382	5.982242763
4159	4.348176752	5.981065473
4160	4.347908521	5.980680579
4161	4.347324358	5.97998759
4162	4.346983523	5.979444339
4163	4.346490998	5.97875213
4164	4.345566287	5.977430116
4165	4.345082917	5.976760467
4166	4.344823183	5.976377699
4167	4.34478922	5.976334539
4168	4.344049497	5.975239587
4169	4.343284256	5.974106707
4170	4.342902247	5.973518535
4171	4.342274388	5.972707778
4172	4.341741479	5.971966607
4173	4.340898156	5.970802539
4174	4.340120894	5.969934196
4175	4.339629815	5.96930933
4176	4.339074135	5.968597042
4177	4.338566954	5.967873474
4178	4.338159659	5.967247425
4179	4.337770391	5.966707322
4180	4.336828676	5.965312577
4181	4.336412812	5.964722693
4182	4.335761784	5.963767671
4183	4.335287191	5.963063714
4184	4.334602586	5.962153876
4185	4.334199428	5.961503733
4186	4.333710784	5.960834561
4187	4.332986255	5.959755386
4188	4.332784493	5.959396274
4189	4.332611792	5.959092604
4190	4.332299572	5.958611776
4191	4.331771803	5.957886201
4192	4.331092273	5.957115795
4193	4.330793608	5.956776961
4194	4.33038171	5.956231664
4195	4.329871303	5.955497171
4196	4.329425368	5.954910563
4197	4.329168159	5.954575461
4198	4.328536111	5.95370127
4199	4.327659246	5.952607969
4200	4.327601001	5.952538186
4201	4.32696189	5.951661527
4202	4.326386357	5.950839109
4203	4.326129637	5.95054827
4204	4.325327994	5.949430255
4205	4.324821729	5.94869383
4206	4.324205094	5.947885816
4207	4.323514346	5.946939529
4208	4.322977992	5.946150645
4209	4.322428903	5.945530866
4210	4.322070308	5.944969613
4211	4.321572215	5.944381067
4212	4.321097779	5.943748773
4213	4.320710719	5.943270698
4214	4.320367716	5.942902833
4215	4.320347037	5.942871595
4216	4.319873851	5.942207612
4217	4.319477054	5.941686856
4218	4.318911854	5.941072475
4219	4.318226669	5.940177222
4220	4.317677356	5.939473238
4221	4.317284055	5.938967818
4222	4.316819078	5.938318213
4223	4.316172982	5.937572414
4224	4.315737607	5.9370199
4225	4.315191421	5.936197796
4226	4.314781721	5.935573589
4227	4.314231282	5.934846774
4228	4.313788839	5.934090301
4229	4.313493574	5.933613918
4230	4.313462535	5.933571803
4231	4.312844307	5.932942436
4232	4.312619195	5.932629636
4233	4.312183985	5.932047428
4234	4.311709	5.93131104
4235	4.311385223	5.93080397
4236	4.310774967	5.929946567
4237	4.310431071	5.929448379
4238	4.309994402	5.928894485
4239	4.309167392	5.927866596
4240	4.308548647	5.927085673
4241	4.308089264	5.926453544
4242	4.307427413	5.925494817
4243	4.306975708	5.924899975
4244	4.306967567	5.924891521
4245	4.306221784	5.923983311
4246	4.305933599	5.923617076
4247	4.305913683	5.923600671
4248	4.305909403	5.923554263
4249	4.305320311	5.922698471
4250	4.304639809	5.921849988
4251	4.304376874	5.921464539
4252	4.304173715	5.921162217
4253	4.303783236	5.920622357
4254	4.303404054	5.92008266
4255	4.302816269	5.919198805
4256	4.302153719	5.918169208
4257	4.301874482	5.917830227
4258	4.301483536	5.91742641
4259	4.300811598	5.916429973
4260	4.300186894	5.915436463
4261	4.300043292	5.91523986
4262	4.299323966	5.914320342
4263	4.298900323	5.913774858
4264	4.298672103	5.913468519
4265	4.298329349	5.913011072
4266	4.297882993	5.912230465
4267	4.297415406	5.911521898
4268	4.296818343	5.910759418
4269	4.296182462	5.909901644
4270	4.295646901	5.909162289
4271	4.295242903	5.908576048
4272	4.294998221	5.908215642
4273	4.294417997	5.907285457
4274	4.293869585	5.90655141
4275	4.293395293	5.905912667
4276	4.293064976	5.905572957
4277	4.292809953	5.905215557
4278	4.292476128	5.904712632
4279	4.292006862	5.904064326
4280	4.291520172	5.90338828
4281	4.291418277	5.903209073
4282	4.291345783	5.903129815
4283	4.290952304	5.902561962
4284	4.290547845	5.901934857
4285	4.290543457	5.901929777
4286	4.289721061	5.900870401
4287	4.289082961	5.900089447
4288	4.28856904	5.899428723
4289	4.287858061	5.89854426
4290	4.287855326	5.898541239
4291	4.287828055	5.89844653
4292	4.287147814	5.897481169
4293	4.286747723	5.896866232
4294	4.286159187	5.896036274
4295	4.285544891	5.895239723
4296	4.285388842	5.894950847
4297	4.285042502	5.894484612
4298	4.284334943	5.893376884
4299	4.28385615	5.89271107
4300	4.283342924	5.891958099
4301	4.28284567	5.891240956
4302	4.282089936	5.890239336
4303	4.281727662	5.889781054
4304	4.281339046	5.889320872
4305	4.280927095	5.888704607
4306	4.280919584	5.888699212
4307	4.280284335	5.887819261
4308	4.279850509	5.887288745
4309	4.279550738	5.886865943
4310	4.279023622	5.88621609
4311	4.278756968	5.885868207
4312	4.278512177	5.885491003
4313	4.277801829	5.884358409
4314	4.277317039	5.883683882
4315	4.277160556	5.883505803
4316	4.27667113	5.882773178
4317	4.275977557	5.881689951
4318	4.275687758	5.881224181
4319	4.275295932	5.880702627
4320	4.275265242	5.880655021
4321	4.274918766	5.880225594
4322	4.274273845	5.879257036
4323	4.27386177	5.878711208
4324	4.273547273	5.878133334
4325	4.273121868	5.87753629
4326	4.272610265	5.876834205
4327	4.272345384	5.876396882
4328	4.271753131	5.875572934
4329	4.271243748	5.874739123
4330	4.270675275	5.873832606
4331	4.270281434	5.873328133
4332	4.269860644	5.872689337
4333	4.269431647	5.872071584
4334	4.268956627	5.871489719
4335	4.268833309	5.871314634
4336	4.268257103	5.870397778
4337	4.267835937	5.869846672
4338	4.266982603	5.868530279
4339	4.266391486	5.867797117
4340	4.265958402	5.86718672
4341	4.265291514	5.866186505
4342	4.264886234	5.865629669
4343	4.264277964	5.864777515
4344	4.263718719	5.864043354
4345	4.263456585	5.863571244
4346	4.263053281	5.863031003
4347	4.26250978	5.862410743
4348	4.261918661	5.861590037
4349	4.261441013	5.860887657
4350	4.260726151	5.859896891
4351	4.259941601	5.858795045
4352	4.259575422	5.858303913
4353	4.259181473	5.857648518
4354	4.258347383	5.856555594
4355	4.257659861	5.855583502
4356	4.256997905	5.854590401
4357	4.256723385	5.854155488
4358	4.256544177	5.853878614
4359	4.255956894	5.852997049
4360	4.255624551	5.85251866
4361	4.255033517	5.851757669
4362	4.254626188	5.851160863
4363	4.253976234	5.850319598
4364	4.253386787	5.849492511
4365	4.253231316	5.849329909
4366	4.252839409	5.848726459
4367	4.252142488	5.84770395
4368	4.251771816	5.847245208
4369	4.251564746	5.846938522
4370	4.250994615	5.846267562
4371	4.250764285	5.846032935
4372	4.250264107	5.845296923
4373	4.250100705	5.845103829
4374	4.24972449	5.844572518
4375	4.249275163	5.843929665
4376	4.248980243	5.843546194
4377	4.248480532	5.842782343
4378	4.248242084	5.842463567
4379	4.247917831	5.842030406
4380	4.247651943	5.84170227
4381	4.247422524	5.841357828
4382	4.247083394	5.840893547
4383	4.246720574	5.840318298
4384	4.246456318	5.839858839
4385	4.245794243	5.838768164
4386	4.245434335	5.838258865
4387	4.244967165	5.837695645
4388	4.244664272	5.837258137
4389	4.24443097	5.836917385
4390	4.243897689	5.836173535
4391	4.243639246	5.835861792
4392	4.242642728	5.834649134
4393	4.242021041	5.833621425
4394	4.241531452	5.832960995
4395	4.24086843	5.831962677
4396	4.240439028	5.831354482
4397	4.239900112	5.830486748
4398	4.239739625	5.83024982
4399	4.239195448	5.829467644
4400	4.238411544	5.82829761
4401	4.237900378	5.827615642
4402	4.237460653	5.826910573
4403	4.237124214	5.826439332
4404	4.236405424	5.825450548
4405	4.236139229	5.825117002
4406	4.235845251	5.824705099
4407	4.235379186	5.824072847
4408	4.234624719	5.822960999
4409	4.234364781	5.822670885
4410	4.233971409	5.822069887
4411	4.233522141	5.821511818
4412	4.233100105	5.820968563
4413	4.23263227	5.820424467
4414	4.232074603	5.819673036
4415	4.231677024	5.819197342
4416	4.231393204	5.81881098
4417	4.230577042	5.817630521
4418	4.230133793	5.816908347
4419	4.230020172	5.816708678
4420	4.229649816	5.816049133
4421	4.229014102	5.815072393
4422	4.228402613	5.814168778
4423	4.227970808	5.813487058
4424	4.227543738	5.812853744
4425	4.227030938	5.812165174
4426	4.22651287	5.811453716
4427	4.226160079	5.810977266
4428	4.22562937	5.810243971
4429	4.225219483	5.809618787
4430	4.225058082	5.8094369
4431	4.224692582	5.808938406
4432	4.224389403	5.80858028
4433	4.224333261	5.808535565
4434	4.223879826	5.807942161
4435	4.223554713	5.807607161
4436	4.223025467	5.806854313
4437	4.222438242	5.806252289
4438	4.221859154	5.805450386
4439	4.22184827	5.805398028
4440	4.22138777	5.804807349
4441	4.221049459	5.804381843
4442	4.220581554	5.803793776
4443	4.219802813	5.802813569
4444	4.219064184	5.80170889
4445	4.21876322	5.801349642
4446	4.218339851	5.800886937
4447	4.21779726	5.80013234
4448	4.217201842	5.799336353
4449	4.21657324	5.798385146
4450	4.215819419	5.797303979
4451	4.215358445	5.796796504
4452	4.215348249	5.79678556
4453	4.214556487	5.795743927
4454	4.213994265	5.795004833
4455	4.213476249	5.794205806
4456	4.213089409	5.793608424
4457	4.212904489	5.793379057
4458	4.212474514	5.792745449
4459	4.211610981	5.791720492
4460	4.211298849	5.791289816
4461	4.211241015	5.791188906
4462	4.210715541	5.790505149
4463	4.21030847	5.789832103
4464	4.209880937	5.789251393
4465	4.209072851	5.788237099
4466	4.208554267	5.787554545
4467	4.20801587	5.786873579
4468	4.207308254	5.78586457
4469	4.206658745	5.784901497
4470	4.206231034	5.784412714
4471	4.205560842	5.783473755
4472	4.204903486	5.78273412
4473	4.204280989	5.781933136
4474	4.203525046	5.780859412
4475	4.203085674	5.780276716
4476	4.202290746	5.77922554
4477	4.201639446	5.778411879
4478	4.200808299	5.777377015
4479	4.200382201	5.776826084
4480	4.200004951	5.776263448
4481	4.199937483	5.776174366
4482	4.199459566	5.775627552
4483	4.199030319	5.775061639
4484	4.198376539	5.774104278
4485	4.197820727	5.773332087
4486	4.197498524	5.772962422
4487	4.197003586	5.772165093
4488	4.196326286	5.771152004
4489	4.195978116	5.770689807
4490	4.195766835	5.770439032
4491	4.195509727	5.770034181
4492	4.195436131	5.769931158
4493	4.19490791	5.769169695
4494	4.194887936	5.76915428
4495	4.194323937	5.768316191
4496	4.193962333	5.767873846
4497	4.193545872	5.767282263
4498	4.193163953	5.76679382
4499	4.1924654	5.765852265
4500	4.192251273	5.765576989
4501	4.191862596	5.765003925
4502	4.191328451	5.764201782
4503	4.190882542	5.763656171
4504	4.190861464	5.763633064
4505	4.190472728	5.763102357
4506	4.189943066	5.76237289
4507	4.189611525	5.761691707
4508	4.18864948	5.760432822
4509	4.18831438	5.760028753
4510	4.187947212	5.759520872
4511	4.187929815	5.759439269
4512	4.187328733	5.758461423
4513	4.186732837	5.757546714
4514	4.186316469	5.757058792
4515	4.185994261	5.756601983
4516	4.185630039	5.75605045
4517	4.185286096	5.755528175
4518	4.184821343	5.754829006
4519	4.184213049	5.754154141
4520	4.183759078	5.753486759
4521	4.183380662	5.752876656
4522	4.182481203	5.751678766
4523	4.182070825	5.75117534
4524	4.181940196	5.750993086
4525	4.181140945	5.749882221
4526	4.180748292	5.749313351
4527	4.180653005	5.749131568
4528	4.180030848	5.748266915
4529	4.179962596	5.748157197
4530	4.179237467	5.747146321
4531	4.178737943	5.746443698
4532	4.178299841	5.745877177
4533	4.178025396	5.74549632
4534	4.177865008	5.745288846
4535	4.177000497	5.744013417
4536	4.176414022	5.743209903
4537	4.175902682	5.742462062
4538	4.175321961	5.741741434
4539	4.174879348	5.741120511
4540	4.174551495	5.740614083
4541	4.174336417	5.740230813
4542	4.173899261	5.739720548
4543	4.173580437	5.739287397
4544	4.173504987	5.7391778
4545	4.172951368	5.738467477
4546	4.172548594	5.737959503
4547	4.172214758	5.737498871
4548	4.171648251	5.736780165
4549	4.17108927	5.736033824
4550	4.170355296	5.735060258
4551	4.169578122	5.734071817
4552	4.169048045	5.73340199
4553	4.168619383	5.7328048
4554	4.168305518	5.732452413
4555	4.167741218	5.731708822
4556	4.167336775	5.731116226
4557	4.167042518	5.730770346
4558	4.166525081	5.730133778
4559	4.166259814	5.729699886
4560	4.165803296	5.728945808
4561	4.165095035	5.728104207
4562	4.164640535	5.727566407
4563	4.163872908	5.726600612
4564	4.163457379	5.726025443
4565	4.162768542	5.725091223
4566	4.162322303	5.724387759
4567	4.161883878	5.723865658
4568	4.161573811	5.723519676
4569	4.161150559	5.722926317
4570	4.160907518	5.722576155
4571	4.160111565	5.721403603
4572	4.159891763	5.721122536
4573	4.159309507	5.720260331
4574	4.158824783	5.719672894
4575	4.158445419	5.719128979
4576	4.15823274	5.718805829
4577	4.158224728	5.718798427
4578	4.157896822	5.718427476
4579	4.157710879	5.718141545
4580	4.157419438	5.717747788
4581	4.15700513	5.717100827
4582	4.156652932	5.716601641
4583	4.156092061	5.715926969
4584	4.155750537	5.715496265
4585	4.15536	5.715039778
4586	4.154842171	5.714272594
4587	4.154132018	5.713412797
4588	4.153826141	5.712921536
4589	4.153358584	5.712181444
4590	4.153110459	5.71181012
4591	4.152942193	5.711593609
4592	4.152272331	5.710612736
4593	4.152001755	5.710317226
4594	4.151232606	5.709278536
4595	4.150736686	5.708601934
4596	4.150188893	5.707832706
4597	4.149705676	5.707189414
4598	4.149067586	5.706321099
4599	4.148566526	5.705523682
4600	4.148111255	5.704905272
4601	4.147752498	5.704373996
4602	4.147228563	5.703654979
4603	4.146872779	5.703157034
4604	4.146214608	5.702211832
4605	4.145742825	5.70157874
4606	4.145305823	5.700857164
4607	4.145194515	5.700693592
4608	4.144814492	5.700061148
4609	4.144728231	5.69994335
4610	4.144322506	5.69944905
4611	4.143792121	5.698757569
4612	4.143229202	5.697925213
4613	4.142661321	5.697231531
4614	4.142312729	5.696685918
4615	4.142082192	5.696391114
4616	4.141877057	5.696117009
4617	4.141110236	5.695141107
4618	4.140691602	5.694476466
4619	4.140509104	5.694203451
4620	4.140242711	5.693832578
4621	4.139564666	5.692822922
4622	4.139427932	5.692673246
4623	4.139310351	5.69247518
4624	4.139120951	5.692254106
4625	4.138764771	5.691679824
4626	4.138251872	5.690941286
4627	4.137812376	5.69033908
4628	4.137383987	5.689728302
4629	4.136816459	5.688910395
4630	4.136814545	5.688908657
4631	4.13629254	5.688345012
4632	4.135705545	5.687616857
4633	4.135243562	5.686930051
4634	4.134961425	5.686502328
4635	4.134400945	5.685681256
4636	4.133985289	5.685024659
4637	4.133566687	5.684487168
4638	4.133316801	5.684116884
4639	4.132923189	5.683634991
4640	4.132665357	5.683321739
4641	4.132411169	5.682895044
4642	4.131968534	5.682215868
4643	4.131181256	5.681106305
4644	4.130498724	5.680265144
4645	4.130150447	5.679691851
4646	4.12937547	5.678741478
4647	4.128795632	5.677899184
4648	4.128689962	5.677742919
4649	4.128323901	5.677208151
4650	4.127973099	5.676648539
4651	4.127639256	5.676129517
4652	4.12710096	5.675393881
4653	4.126493227	5.674522167
4654	4.125980117	5.673755377
4655	4.12558666	5.67314854
4656	4.125113047	5.67242121
4657	4.124609451	5.671779817
4658	4.124379869	5.671475187
4659	4.123787489	5.670653488
4660	4.123275683	5.669947828
4661	4.123011839	5.669590114
4662	4.12253694	5.668914555
4663	4.122131522	5.668362738
4664	4.121950477	5.668055453
4665	4.121462239	5.667365154
4666	4.120935969	5.666621284
4667	4.120805391	5.666437434
4668	4.120524231	5.666068739
4669	4.120058914	5.665441764
4670	4.119872665	5.665157311
4671	4.119351465	5.664454619
4672	4.118988584	5.664042038
4673	4.118825426	5.663834987
4674	4.118375636	5.663155191
4675	4.117922223	5.662548711
4676	4.117650736	5.662112034
4677	4.11708298	5.661213483
4678	4.11655866	5.66043098
4679	4.116103753	5.659920935
4680	4.115878256	5.659638131
4681	4.115637695	5.659245635
4682	4.115292775	5.658705314
4683	4.114948421	5.658215368
4684	4.114878097	5.658084498
4685	4.114107255	5.656928447
4686	4.113656901	5.656322819
4687	4.113175666	5.655723886
4688	4.112821781	5.655141436
4689	4.112181523	5.654254228
4690	4.11176	5.653623679
4691	4.111560227	5.653315072
4692	4.11099646	5.652527855
4693	4.110732758	5.652154056
4694	4.1103613	5.651651121
4695	4.109553641	5.650591505
4696	4.109176556	5.6501259
4697	4.10832776	5.649032272
4698	4.108325491	5.649030399
4699	4.108071398	5.648726935
4700	4.107774627	5.648350669
4701	4.107206569	5.647539444
4702	4.10720399	5.647536812
4703	4.106777219	5.647027033
4704	4.106048386	5.646041532
4705	4.105599132	5.645403698
4706	4.105239515	5.644960779
4707	4.105005937	5.644618926
4708	4.104641982	5.644186252
4709	4.104397051	5.643785174
4710	4.104031704	5.643237021
4711	4.103746802	5.642824844
4712	4.103412864	5.642302264
4713	4.103115568	5.641847305
4714	4.102941616	5.641676282
4715	4.102504815	5.641156136
4716	4.102119375	5.640586358
4717	4.101580501	5.639813648
4718	4.101559953	5.639793852
4719	4.101019364	5.638988874
4720	4.100627977	5.638391461
4721	4.100516003	5.638229367
4722	4.100005955	5.637577348
4723	4.099677973	5.636900179
4724	4.099149915	5.636298713
4725	4.098969838	5.636045597
4726	4.098506813	5.63544007
4727	4.098149855	5.634924513
4728	4.097351211	5.633902903
4729	4.096890798	5.633304514
4730	4.096525902	5.632835534
4731	4.096462053	5.632756909
4732	4.096011241	5.632043706
4733	4.095365836	5.631205136
4734	4.094918429	5.630468066
4735	4.094661831	5.630123904
4736	4.094237501	5.629602591
4737	4.093812099	5.62900069
4738	4.093241734	5.628116028
4739	4.092837611	5.627498364
4740	4.092564234	5.627053635
4741	4.092234593	5.626606917
4742	4.091648213	5.625688958
4743	4.091130782	5.624995213
4744	4.090627715	5.624287629
4745	4.090081686	5.62354193
4746	4.089635375	5.622921305
4747	4.089089564	5.622172058
4748	4.088676038	5.621568463
4749	4.088342406	5.621022064
4750	4.088075247	5.620634651
4751	4.087952305	5.620458555
4752	4.087529613	5.619866627
4753	4.087448421	5.619792417
4754	4.086998731	5.619264316
4755	4.086545011	5.61862224
4756	4.086149973	5.618088221
4757	4.085279541	5.616792667
4758	4.084896572	5.616334907
4759	4.084280922	5.615599767
4760	4.083925903	5.615212983
4761	4.083523822	5.614693692
4762	4.083077857	5.613966338
4763	4.082748816	5.613514177
4764	4.082366525	5.612923587
4765	4.081852188	5.612186671
4766	4.08148576	5.611755672
4767	4.081112251	5.611217624
4768	4.080873866	5.610893611
4769	4.08044915	5.610297251
4770	4.080113426	5.609811993
4771	4.079803834	5.609435845
4772	4.079319917	5.60884537
4773	4.079054647	5.608426905
4774	4.078644843	5.607849939
4775	4.078382038	5.607416521
4776	4.077923573	5.60686896
4777	4.077575807	5.606334201
4778	4.077420517	5.606184359
4779	4.077049555	5.605776689
4780	4.076738517	5.605307071
4781	4.076247929	5.604718874
4782	4.075972959	5.60425478
4783	4.075498576	5.603534799
4784	4.075096481	5.60299596
4785	4.074758946	5.60243822
4786	4.074147445	5.601561603
4787	4.073733243	5.601004343
4788	4.073407161	5.600549528
4789	4.07275798	5.599646652
4790	4.072409475	5.599139373
4791	4.071987643	5.598425419
4792	4.071422539	5.597654314
4793	4.070619276	5.596530788
4794	4.070282323	5.596023764
4795	4.069681812	5.595234457
4796	4.069239428	5.594754603
4797	4.06890436	5.594319464
4798	4.068402181	5.593699084
4799	4.068400216	5.593697271
4800	4.067884634	5.593081724
4801	4.067660037	5.592731521
4802	4.067222136	5.592061233
4803	4.066838141	5.591592486
4804	4.066366668	5.591032786
4805	4.065919997	5.590498022
4806	4.065369793	5.589691794
4807	4.06506119	5.589290994
4808	4.064887572	5.58893185
4809	4.064030682	5.58765373
4810	4.063782464	5.587289489
4811	4.063679154	5.587118579
4812	4.063013582	5.586216257
4813	4.062682101	5.585754093
4814	4.062357454	5.585294938
4815	4.062180358	5.585021913
4816	4.061811226	5.584492472
4817	4.061196338	5.583564699
4818	4.060589007	5.582608366
4819	4.059987075	5.581761332
4820	4.059492167	5.581118816
4821	4.059230087	5.58074892
4822	4.058808395	5.580187427
4823	4.058472761	5.579585522
4824	4.058157712	5.579148872
4825	4.057409807	5.578104611
4826	4.056787653	5.57718489
4827	4.056504664	5.576705847
4828	4.056171097	5.576223732
4829	4.055695512	5.57541883
4830	4.05544135	5.575023533
4831	4.054915168	5.574250401
4832	4.054532929	5.573702328
4833	4.054530214	5.573697334
4834	4.05398908	5.57290563
4835	4.053474713	5.572297738
4836	4.053106698	5.57176952
4837	4.053104233	5.571758707
4838	4.052639286	5.571038903
4839	4.052406395	5.570711394
4840	4.05197696	5.570118802
4841	4.051572915	5.569596217
4842	4.050978085	5.568765496
4843	4.050652379	5.568276337
4844	4.05041639	5.567989714
4845	4.049915331	5.567233765
4846	4.049570473	5.566836442
4847	4.049009099	5.566122579
4848	4.048570623	5.565533595
4849	4.048560404	5.565519586
4850	4.048046639	5.564952172
4851	4.047484562	5.564149457
4852	4.046973899	5.563327786
4853	4.046549662	5.562814385
4854	4.046222342	5.562288541
4855	4.045819276	5.561678732
4856	4.045297356	5.561021838
4857	4.044850927	5.560497701
4858	4.044682678	5.560235637
4859	4.044273709	5.559605103
4860	4.043977582	5.559232032
4861	4.043365988	5.558333614
4862	4.043365597	5.558331866
4863	4.042812594	5.557610854
4864	4.042531462	5.557219787
4865	4.042115239	5.556666776
4866	4.041548779	5.556066014
4867	4.041183729	5.555527429
4868	4.040738416	5.554986474
4869	4.040237487	5.55429799
4870	4.039701783	5.553618521
4871	4.039410751	5.553204685
4872	4.03903457	5.552677913
4873	4.038439831	5.551629226
4874	4.037957503	5.551045944
4875	4.037576339	5.550458106
4876	4.037163378	5.549977322
4877	4.036879859	5.549604958
4878	4.03649181	5.54919303
4879	4.036106924	5.548666957
4880	4.035481428	5.547792581
4881	4.035055302	5.54714768
4882	4.034647521	5.546548752
4883	4.034096278	5.545705926
4884	4.034056399	5.545650257
4885	4.033632453	5.544945714
4886	4.033355964	5.544557333
4887	4.032943518	5.543927611
4888	4.032565571	5.54337498
4889	4.032207311	5.542887014
4890	4.031795737	5.542370483
4891	4.031782986	5.54235011
4892	4.031467731	5.541884383
4893	4.031179578	5.541510474
4894	4.030658838	5.540771904
4895	4.030136585	5.540025638
4896	4.029726498	5.539469926
4897	4.029206121	5.53886227
4898	4.028506618	5.538066144
4899	4.027920385	5.537163218
4900	4.027776588	5.536963589
4901	4.027373612	5.536351856
4902	4.026681362	5.535429476
4903	4.0260495	5.534502545
4904	4.025541375	5.533767203
4905	4.024779132	5.532770022
4906	4.024283318	5.532061706
4907	4.023835783	5.531390092
4908	4.023172394	5.530352041
4909	4.022601876	5.529638116
4910	4.022087298	5.528855493
4911	4.021370533	5.527924173
4912	4.020925554	5.527262924
4913	4.020676444	5.526935688
4914	4.020310221	5.52646247
4915	4.019988067	5.525925842
4916	4.019580215	5.525379166
4917	4.019347928	5.525079401
4918	4.019304121	5.524994342
4919	4.018977067	5.524561976
4920	4.018563011	5.523918604
4921	4.018090124	5.523353724
4922	4.017769345	5.522868385
4923	4.017207212	5.522026203
4924	4.016664019	5.521189449
4925	4.016661819	5.52118732
4926	4.016238504	5.520567359
4927	4.015982645	5.520267744
4928	4.015613427	5.51977973
4929	4.014877548	5.518788595
4930	4.014448592	5.518152108
4931	4.014234578	5.517786536
4932	4.013667766	5.517124402
4933	4.012905911	5.516198648
4934	4.012364779	5.515436994
4935	4.011551389	5.514390613
4936	4.011104308	5.513786773
4937	4.010642704	5.51315849
4938	4.009862868	5.512072244
4939	4.009193722	5.511195694
4940	4.008809762	5.510593051
4941	4.008442462	5.510021447
4942	4.00821136	5.509705925
4943	4.007728868	5.509142078
4944	4.007054917	5.508227478
4945	4.006576333	5.507549367
4946	4.006304397	5.507128321
4947	4.006041098	5.506684169
4948	4.005931288	5.506535682
4949	4.005507682	5.505915996
4950	4.005010514	5.505248453
4951	4.00489751	5.505117063
4952	4.004583737	5.504629056
4953	4.004315387	5.504211259
4954	4.003944785	5.503759847
4955	4.003621347	5.503285335
4956	4.003254591	5.502859123
4957	4.002768485	5.502194515
4958	4.002501852	5.501885359
4959	4.001773763	5.500829168
4960	4.00140203	5.500325831
4961	4.000810946	5.499457833
4962	4.000483198	5.49899792
4963	4.000112595	5.498551973
4964	3.999721013	5.498002343
4965	3.999350026	5.497517622
4966	3.998696717	5.496553162
4967	3.998247438	5.49593184
4968	3.997768212	5.49539269
4969	3.997306529	5.49476912
4970	3.996932947	5.494212294
4971	3.996509872	5.493616419
4972	3.996162519	5.493172149
4973	3.995620644	5.492353456
4974	3.99492621	5.491510289
4975	3.994564986	5.491048849
4976	3.994369056	5.490810342
4977	3.993669473	5.489763776
4978	3.993104297	5.488984959
4979	3.992120465	5.487598749
4980	3.992010467	5.487434511
4981	3.991653315	5.486927771
4982	3.991364831	5.486509858
4983	3.991185765	5.48626697
4984	3.99093168	5.485941004
4985	3.990630313	5.48550081
4986	3.990188478	5.484920422
4987	3.989566481	5.48402089
4988	3.989132755	5.483383257
4989	3.988758166	5.482786234
4990	3.988734913	5.482764527
4991	3.988654925	5.482638078
4992	3.988344622	5.482178189
4993	3.987946845	5.481641259
4994	3.987386707	5.480898894
4995	3.986736151	5.479904281
4996	3.986223878	5.479162195
4997	3.985941651	5.478749395
4998	3.985478835	5.478109177
4999	3.985194454	5.477775795
